,Pass_alltest,Norm_test,Heter_test,Autocorr_test,End_test,spearman_label,GQ_label,coef_pvalue,adjust_R2,F_pvalue,formula
0,False,True,False,False,True,['PV10SCED'],[],"[0.000e+00 2.757e-01 4.100e-01 8.440e-01 9.541e-01 3.154e-01 2.195e-01
 8.363e-01 1.207e-01 4.380e-01 6.810e-02 0.000e+00 1.564e-01 9.146e-01
 4.523e-01 3.529e-01 5.870e-02 4.809e-01 7.534e-01 7.211e-01 1.108e-01
 3.786e-01 1.084e-01 9.975e-01 6.884e-01 3.014e-01 5.980e-02 1.580e-01
 6.616e-01 9.060e-02 6.856e-01 1.000e-03 6.972e-01 3.578e-01 6.700e-02
 1.559e-01 2.874e-01 5.204e-01 5.226e-01 6.083e-01 2.193e-01 5.709e-01
 5.692e-01 8.322e-01 9.412e-01 2.839e-01 1.325e-01 4.572e-01 4.276e-01
 7.442e-01 1.306e-01 8.665e-01 7.761e-01 5.800e-03 6.630e-02 3.417e-01
 2.703e-01 1.190e-02 6.652e-01 8.376e-01 3.823e-01 6.041e-01 6.171e-01
 7.000e-04 4.860e-01 3.942e-01 2.559e-01 1.500e-01 7.689e-01 8.465e-01
 6.230e-01 8.190e-02 3.419e-01 1.940e-01 3.700e-03 2.273e-01 3.523e-01
 9.959e-01 1.041e-01 3.250e-01 2.757e-01 7.133e-01 3.255e-01 4.840e-02
 6.195e-01 8.210e-01 9.294e-01 3.216e-01 5.346e-01 3.411e-01 3.800e-02
 7.518e-01 1.993e-01 2.980e-01 7.543e-01 2.645e-01 8.766e-01 1.854e-01
 1.180e-01 7.546e-01 7.200e-02]",0.7998,0.0,MATH~PV1READ+PV2READ+PV3READ+PV4READ+PV5READ+PV6READ+PV7READ+PV8READ+PV9READ+PV10READ+PV1SCIE+PV2SCIE+PV3SCIE+PV4SCIE+PV5SCIE+PV6SCIE+PV7SCIE+PV8SCIE+PV9SCIE+PV10SCIE+PV1SCEP+PV2SCEP+PV3SCEP+PV4SCEP+PV5SCEP+PV6SCEP+PV7SCEP+PV8SCEP+PV9SCEP+PV10SCEP+PV1SCED+PV2SCED+PV3SCED+PV4SCED+PV5SCED+PV6SCED+PV7SCED+PV8SCED+PV9SCED+PV10SCED+PV1SCID+PV2SCID+PV3SCID+PV4SCID+PV5SCID+PV6SCID+PV7SCID+PV8SCID+PV9SCID+PV10SCID+PV1SKCO+PV2SKCO+PV3SKCO+PV4SKCO+PV5SKCO+PV6SKCO+PV7SKCO+PV8SKCO+PV9SKCO+PV10SKCO+PV1SKPE+PV2SKPE+PV3SKPE+PV4SKPE+PV5SKPE+PV6SKPE+PV7SKPE+PV8SKPE+PV9SKPE+PV10SKPE+PV1SSPH+PV2SSPH+PV3SSPH+PV4SSPH+PV5SSPH+PV6SSPH+PV7SSPH+PV8SSPH+PV9SSPH+PV10SSPH+PV1SSLI+PV2SSLI+PV3SSLI+PV4SSLI+PV5SSLI+PV6SSLI+PV7SSLI+PV8SSLI+PV9SSLI+PV10SSLI+PV1SSES+PV2SSES+PV3SSES+PV4SSES+PV5SSES+PV6SSES+PV7SSES+PV8SSES+PV9SSES+PV10SSES
1,False,True,False,False,True,[],[],"[0.000e+00 2.854e-01 4.050e-01 8.892e-01 9.765e-01 2.925e-01 2.071e-01
 8.632e-01 1.121e-01 4.145e-01 8.010e-02 0.000e+00 1.508e-01 9.519e-01
 4.598e-01 3.470e-01 6.800e-02 4.504e-01 7.685e-01 6.958e-01 1.210e-01
 3.933e-01 1.115e-01 9.426e-01 7.577e-01 3.294e-01 6.490e-02 1.583e-01
 5.985e-01 9.510e-02 6.517e-01 7.000e-04 7.240e-01 3.433e-01 7.220e-02
 1.699e-01 2.583e-01 5.551e-01 5.216e-01 5.829e-01 2.169e-01 5.357e-01
 5.375e-01 8.916e-01 8.390e-01 2.884e-01 1.414e-01 4.586e-01 4.885e-01
 7.699e-01 1.352e-01 8.848e-01 7.332e-01 5.800e-03 6.940e-02 3.411e-01
 2.847e-01 1.080e-02 6.644e-01 8.995e-01 4.220e-01 6.008e-01 6.066e-01
 9.000e-04 4.552e-01 3.769e-01 2.676e-01 1.485e-01 7.525e-01 9.241e-01
 6.304e-01 7.100e-02 2.855e-01 2.532e-01 5.100e-03 1.933e-01 3.741e-01
 9.888e-01 1.201e-01 3.180e-01 2.691e-01 8.389e-01 3.730e-01 1.260e-02
 6.731e-01 8.926e-01 9.534e-01 3.480e-01 4.891e-01 3.672e-01 4.070e-02
 5.664e-01 1.561e-01 7.472e-01 2.628e-01 8.914e-01 1.910e-01 1.386e-01
 7.164e-01 5.850e-02]",0.7998,0.0,MATH~PV1READ+PV2READ+PV3READ+PV4READ+PV5READ+PV6READ+PV7READ+PV8READ+PV9READ+PV10READ+PV1SCIE+PV2SCIE+PV3SCIE+PV4SCIE+PV5SCIE+PV6SCIE+PV7SCIE+PV8SCIE+PV9SCIE+PV10SCIE+PV1SCEP+PV2SCEP+PV3SCEP+PV4SCEP+PV5SCEP+PV6SCEP+PV7SCEP+PV8SCEP+PV9SCEP+PV10SCEP+PV1SCED+PV2SCED+PV3SCED+PV4SCED+PV5SCED+PV6SCED+PV7SCED+PV8SCED+PV9SCED+PV10SCED+PV1SCID+PV2SCID+PV3SCID+PV4SCID+PV5SCID+PV6SCID+PV7SCID+PV8SCID+PV9SCID+PV10SCID+PV1SKCO+PV2SKCO+PV3SKCO+PV4SKCO+PV5SKCO+PV6SKCO+PV7SKCO+PV8SKCO+PV9SKCO+PV10SKCO+PV1SKPE+PV2SKPE+PV3SKPE+PV4SKPE+PV5SKPE+PV6SKPE+PV7SKPE+PV8SKPE+PV9SKPE+PV10SKPE+PV1SSPH+PV2SSPH+PV3SSPH+PV4SSPH+PV5SSPH+PV6SSPH+PV7SSPH+PV8SSPH+PV9SSPH+PV10SSPH+PV1SSLI+PV2SSLI+PV3SSLI+PV4SSLI+PV5SSLI+PV6SSLI+PV7SSLI+PV8SSLI+PV9SSLI+PV10SSLI+PV1SSES+PV2SSES+PV4SSES+PV5SSES+PV6SSES+PV7SSES+PV8SSES+PV9SSES+PV10SSES
2,False,True,False,False,True,[],[],"[0.000e+00 2.851e-01 4.073e-01 8.912e-01 9.796e-01 2.909e-01 2.055e-01
 8.650e-01 1.117e-01 4.125e-01 7.960e-02 0.000e+00 1.503e-01 9.541e-01
 4.588e-01 3.486e-01 6.720e-02 4.464e-01 7.669e-01 6.965e-01 1.198e-01
 3.880e-01 1.105e-01 9.426e-01 7.536e-01 3.287e-01 6.450e-02 1.575e-01
 5.950e-01 9.320e-02 6.474e-01 7.000e-04 7.264e-01 3.432e-01 7.120e-02
 1.704e-01 2.595e-01 5.488e-01 5.208e-01 5.818e-01 2.177e-01 5.394e-01
 5.374e-01 8.924e-01 8.411e-01 2.795e-01 1.385e-01 4.596e-01 4.899e-01
 7.792e-01 1.353e-01 8.769e-01 7.367e-01 5.600e-03 6.930e-02 3.384e-01
 2.842e-01 1.070e-02 6.626e-01 9.265e-01 4.235e-01 6.054e-01 6.124e-01
 8.000e-04 4.584e-01 3.735e-01 2.677e-01 1.465e-01 7.564e-01 6.275e-01
 7.070e-02 2.845e-01 2.521e-01 5.000e-03 1.939e-01 3.727e-01 9.905e-01
 1.204e-01 3.144e-01 2.694e-01 8.395e-01 3.732e-01 1.250e-02 6.688e-01
 8.895e-01 9.520e-01 3.478e-01 4.920e-01 3.664e-01 3.960e-02 5.694e-01
 1.543e-01 7.501e-01 2.634e-01 8.939e-01 1.915e-01 1.378e-01 7.162e-01
 5.780e-02]",0.8001,0.0,MATH~PV1READ+PV2READ+PV3READ+PV4READ+PV5READ+PV6READ+PV7READ+PV8READ+PV9READ+PV10READ+PV1SCIE+PV2SCIE+PV3SCIE+PV4SCIE+PV5SCIE+PV6SCIE+PV7SCIE+PV8SCIE+PV9SCIE+PV10SCIE+PV1SCEP+PV2SCEP+PV3SCEP+PV4SCEP+PV5SCEP+PV6SCEP+PV7SCEP+PV8SCEP+PV9SCEP+PV10SCEP+PV1SCED+PV2SCED+PV3SCED+PV4SCED+PV5SCED+PV6SCED+PV7SCED+PV8SCED+PV9SCED+PV10SCED+PV1SCID+PV2SCID+PV3SCID+PV4SCID+PV5SCID+PV6SCID+PV7SCID+PV8SCID+PV9SCID+PV10SCID+PV1SKCO+PV2SKCO+PV3SKCO+PV4SKCO+PV5SKCO+PV6SKCO+PV7SKCO+PV8SKCO+PV9SKCO+PV10SKCO+PV1SKPE+PV2SKPE+PV3SKPE+PV4SKPE+PV5SKPE+PV6SKPE+PV7SKPE+PV8SKPE+PV10SKPE+PV1SSPH+PV2SSPH+PV3SSPH+PV4SSPH+PV5SSPH+PV6SSPH+PV7SSPH+PV8SSPH+PV9SSPH+PV10SSPH+PV1SSLI+PV2SSLI+PV3SSLI+PV4SSLI+PV5SSLI+PV6SSLI+PV7SSLI+PV8SSLI+PV9SSLI+PV10SSLI+PV1SSES+PV2SSES+PV4SSES+PV5SSES+PV6SSES+PV7SSES+PV8SSES+PV9SSES+PV10SSES
3,False,True,False,False,True,[],[],"[0.000e+00 2.678e-01 3.651e-01 8.833e-01 9.757e-01 2.821e-01 2.088e-01
 8.521e-01 1.223e-01 4.167e-01 8.150e-02 0.000e+00 1.444e-01 9.586e-01
 4.669e-01 3.452e-01 6.880e-02 4.001e-01 7.705e-01 7.407e-01 1.262e-01
 3.903e-01 1.053e-01 9.439e-01 7.390e-01 3.332e-01 6.470e-02 1.708e-01
 6.039e-01 8.760e-02 6.936e-01 7.000e-04 7.610e-01 3.493e-01 6.200e-02
 1.712e-01 2.187e-01 5.299e-01 5.381e-01 6.211e-01 2.304e-01 5.629e-01
 5.358e-01 8.764e-01 8.877e-01 3.027e-01 1.600e-01 4.879e-01 4.418e-01
 7.785e-01 1.240e-01 9.218e-01 7.513e-01 6.300e-03 6.120e-02 3.440e-01
 2.979e-01 1.260e-02 6.889e-01 9.210e-01 5.411e-01 6.012e-01 9.000e-04
 4.592e-01 3.817e-01 2.709e-01 1.645e-01 7.236e-01 9.839e-01 6.410e-02
 2.772e-01 2.522e-01 4.600e-03 2.165e-01 3.769e-01 9.829e-01 1.309e-01
 3.151e-01 2.951e-01 8.073e-01 3.834e-01 1.220e-02 6.884e-01 8.515e-01
 9.127e-01 3.389e-01 5.069e-01 3.305e-01 3.560e-02 5.670e-01 1.722e-01
 7.472e-01 2.775e-01 9.349e-01 1.933e-01 1.378e-01 6.944e-01 6.190e-02]",0.8003,0.0,MATH~PV1READ+PV2READ+PV3READ+PV4READ+PV5READ+PV6READ+PV7READ+PV8READ+PV9READ+PV10READ+PV1SCIE+PV2SCIE+PV3SCIE+PV4SCIE+PV5SCIE+PV6SCIE+PV7SCIE+PV8SCIE+PV9SCIE+PV10SCIE+PV1SCEP+PV2SCEP+PV3SCEP+PV4SCEP+PV5SCEP+PV6SCEP+PV7SCEP+PV8SCEP+PV9SCEP+PV10SCEP+PV1SCED+PV2SCED+PV3SCED+PV4SCED+PV5SCED+PV6SCED+PV7SCED+PV8SCED+PV9SCED+PV10SCED+PV1SCID+PV2SCID+PV3SCID+PV4SCID+PV5SCID+PV6SCID+PV7SCID+PV8SCID+PV9SCID+PV10SCID+PV1SKCO+PV2SKCO+PV3SKCO+PV4SKCO+PV5SKCO+PV6SKCO+PV7SKCO+PV8SKCO+PV9SKCO+PV1SKPE+PV2SKPE+PV3SKPE+PV4SKPE+PV5SKPE+PV6SKPE+PV7SKPE+PV8SKPE+PV10SKPE+PV1SSPH+PV2SSPH+PV3SSPH+PV4SSPH+PV5SSPH+PV6SSPH+PV7SSPH+PV8SSPH+PV9SSPH+PV10SSPH+PV1SSLI+PV2SSLI+PV3SSLI+PV4SSLI+PV5SSLI+PV6SSLI+PV7SSLI+PV8SSLI+PV9SSLI+PV10SSLI+PV1SSES+PV2SSES+PV4SSES+PV5SSES+PV6SSES+PV7SSES+PV8SSES+PV9SSES+PV10SSES
4,False,True,False,False,True,[],[],"[0.000e+00 2.704e-01 3.468e-01 8.875e-01 9.637e-01 2.742e-01 2.078e-01
 8.432e-01 1.200e-01 4.031e-01 7.590e-02 0.000e+00 1.382e-01 9.560e-01
 4.690e-01 3.386e-01 6.470e-02 4.029e-01 7.631e-01 7.236e-01 1.241e-01
 3.915e-01 1.100e-01 9.452e-01 7.422e-01 3.429e-01 6.330e-02 1.745e-01
 5.985e-01 8.740e-02 6.946e-01 8.000e-04 3.627e-01 6.060e-02 1.789e-01
 1.992e-01 5.570e-01 5.144e-01 6.420e-01 2.329e-01 5.560e-01 5.715e-01
 8.478e-01 8.722e-01 3.078e-01 1.575e-01 4.691e-01 4.580e-01 7.966e-01
 1.179e-01 9.296e-01 7.396e-01 6.500e-03 5.720e-02 3.347e-01 2.976e-01
 1.230e-02 6.837e-01 8.977e-01 5.216e-01 5.933e-01 1.000e-03 4.518e-01
 3.790e-01 2.683e-01 1.680e-01 7.242e-01 9.953e-01 6.680e-02 2.769e-01
 2.469e-01 4.400e-03 2.216e-01 3.516e-01 9.808e-01 1.287e-01 3.188e-01
 2.870e-01 8.301e-01 3.935e-01 1.090e-02 6.855e-01 8.684e-01 9.116e-01
 3.471e-01 5.028e-01 3.318e-01 3.620e-02 5.684e-01 1.685e-01 7.547e-01
 2.810e-01 9.079e-01 1.997e-01 1.359e-01 7.042e-01 6.160e-02]",0.8007,0.0,MATH~PV1READ+PV2READ+PV3READ+PV4READ+PV5READ+PV6READ+PV7READ+PV8READ+PV9READ+PV10READ+PV1SCIE+PV2SCIE+PV3SCIE+PV4SCIE+PV5SCIE+PV6SCIE+PV7SCIE+PV8SCIE+PV9SCIE+PV10SCIE+PV1SCEP+PV2SCEP+PV3SCEP+PV4SCEP+PV5SCEP+PV6SCEP+PV7SCEP+PV8SCEP+PV9SCEP+PV10SCEP+PV1SCED+PV3SCED+PV4SCED+PV5SCED+PV6SCED+PV7SCED+PV8SCED+PV9SCED+PV10SCED+PV1SCID+PV2SCID+PV3SCID+PV4SCID+PV5SCID+PV6SCID+PV7SCID+PV8SCID+PV9SCID+PV10SCID+PV1SKCO+PV2SKCO+PV3SKCO+PV4SKCO+PV5SKCO+PV6SKCO+PV7SKCO+PV8SKCO+PV9SKCO+PV1SKPE+PV2SKPE+PV3SKPE+PV4SKPE+PV5SKPE+PV6SKPE+PV7SKPE+PV8SKPE+PV10SKPE+PV1SSPH+PV2SSPH+PV3SSPH+PV4SSPH+PV5SSPH+PV6SSPH+PV7SSPH+PV8SSPH+PV9SSPH+PV10SSPH+PV1SSLI+PV2SSLI+PV3SSLI+PV4SSLI+PV5SSLI+PV6SSLI+PV7SSLI+PV8SSLI+PV9SSLI+PV10SSLI+PV1SSES+PV2SSES+PV4SSES+PV5SSES+PV6SSES+PV7SSES+PV8SSES+PV9SSES+PV10SSES
5,False,True,False,False,True,[],[],"[0.000e+00 2.688e-01 3.468e-01 8.958e-01 9.622e-01 2.742e-01 1.999e-01
 8.439e-01 1.178e-01 4.036e-01 7.570e-02 0.000e+00 1.380e-01 4.689e-01
 3.388e-01 6.140e-02 3.998e-01 7.577e-01 7.258e-01 1.239e-01 3.914e-01
 1.076e-01 9.420e-01 7.439e-01 3.428e-01 6.310e-02 1.734e-01 5.987e-01
 8.690e-02 6.950e-01 7.000e-04 3.626e-01 6.020e-02 1.760e-01 1.986e-01
 5.559e-01 5.149e-01 6.403e-01 2.309e-01 5.557e-01 5.729e-01 8.422e-01
 8.712e-01 3.080e-01 1.569e-01 4.683e-01 4.583e-01 7.947e-01 1.165e-01
 9.299e-01 7.371e-01 6.400e-03 5.530e-02 3.346e-01 2.974e-01 1.230e-02
 6.835e-01 9.002e-01 5.226e-01 5.905e-01 9.000e-04 4.483e-01 3.771e-01
 2.682e-01 1.674e-01 7.206e-01 9.957e-01 6.600e-02 2.770e-01 2.428e-01
 4.400e-03 2.216e-01 3.518e-01 9.772e-01 1.282e-01 3.181e-01 2.870e-01
 8.287e-01 3.933e-01 1.050e-02 6.814e-01 8.666e-01 9.094e-01 3.475e-01
 4.987e-01 3.306e-01 3.440e-02 5.686e-01 1.677e-01 7.565e-01 2.794e-01
 9.105e-01 1.997e-01 1.357e-01 7.042e-01 6.120e-02]",0.801,0.0,MATH~PV1READ+PV2READ+PV3READ+PV4READ+PV5READ+PV6READ+PV7READ+PV8READ+PV9READ+PV10READ+PV1SCIE+PV2SCIE+PV4SCIE+PV5SCIE+PV6SCIE+PV7SCIE+PV8SCIE+PV9SCIE+PV10SCIE+PV1SCEP+PV2SCEP+PV3SCEP+PV4SCEP+PV5SCEP+PV6SCEP+PV7SCEP+PV8SCEP+PV9SCEP+PV10SCEP+PV1SCED+PV3SCED+PV4SCED+PV5SCED+PV6SCED+PV7SCED+PV8SCED+PV9SCED+PV10SCED+PV1SCID+PV2SCID+PV3SCID+PV4SCID+PV5SCID+PV6SCID+PV7SCID+PV8SCID+PV9SCID+PV10SCID+PV1SKCO+PV2SKCO+PV3SKCO+PV4SKCO+PV5SKCO+PV6SKCO+PV7SKCO+PV8SKCO+PV9SKCO+PV1SKPE+PV2SKPE+PV3SKPE+PV4SKPE+PV5SKPE+PV6SKPE+PV7SKPE+PV8SKPE+PV10SKPE+PV1SSPH+PV2SSPH+PV3SSPH+PV4SSPH+PV5SSPH+PV6SSPH+PV7SSPH+PV8SSPH+PV9SSPH+PV10SSPH+PV1SSLI+PV2SSLI+PV3SSLI+PV4SSLI+PV5SSLI+PV6SSLI+PV7SSLI+PV8SSLI+PV9SSLI+PV10SSLI+PV1SSES+PV2SSES+PV4SSES+PV5SSES+PV6SSES+PV7SSES+PV8SSES+PV9SSES+PV10SSES
6,False,True,False,False,True,[],[],"[0.000e+00 2.555e-01 3.510e-01 9.325e-01 9.624e-01 2.607e-01 2.050e-01
 8.323e-01 1.173e-01 4.278e-01 8.030e-02 0.000e+00 1.306e-01 4.658e-01
 3.409e-01 6.230e-02 3.860e-01 7.478e-01 7.322e-01 1.217e-01 3.981e-01
 1.880e-02 9.011e-01 7.398e-01 3.166e-01 7.140e-02 1.654e-01 5.618e-01
 8.150e-02 6.778e-01 8.000e-04 3.631e-01 5.670e-02 1.738e-01 2.020e-01
 5.703e-01 5.422e-01 6.697e-01 2.246e-01 5.508e-01 7.887e-01 8.852e-01
 2.858e-01 1.730e-01 4.479e-01 4.649e-01 8.218e-01 1.248e-01 9.018e-01
 7.886e-01 6.200e-03 5.380e-02 3.617e-01 2.924e-01 1.050e-02 6.900e-01
 9.091e-01 5.492e-01 6.356e-01 9.000e-04 4.640e-01 3.917e-01 2.662e-01
 1.552e-01 7.250e-01 9.692e-01 6.980e-02 2.772e-01 2.296e-01 4.500e-03
 2.185e-01 3.442e-01 9.653e-01 1.282e-01 3.143e-01 2.888e-01 8.672e-01
 3.966e-01 9.900e-03 6.841e-01 8.539e-01 8.892e-01 3.135e-01 4.949e-01
 3.320e-01 3.710e-02 5.499e-01 1.591e-01 7.850e-01 2.862e-01 9.235e-01
 1.657e-01 1.301e-01 6.888e-01 6.150e-02]",0.8013,0.0,MATH~PV1READ+PV2READ+PV3READ+PV4READ+PV5READ+PV6READ+PV7READ+PV8READ+PV9READ+PV10READ+PV1SCIE+PV2SCIE+PV4SCIE+PV5SCIE+PV6SCIE+PV7SCIE+PV8SCIE+PV9SCIE+PV10SCIE+PV1SCEP+PV2SCEP+PV3SCEP+PV4SCEP+PV5SCEP+PV6SCEP+PV7SCEP+PV8SCEP+PV9SCEP+PV10SCEP+PV1SCED+PV3SCED+PV4SCED+PV5SCED+PV6SCED+PV7SCED+PV8SCED+PV9SCED+PV10SCED+PV1SCID+PV3SCID+PV4SCID+PV5SCID+PV6SCID+PV7SCID+PV8SCID+PV9SCID+PV10SCID+PV1SKCO+PV2SKCO+PV3SKCO+PV4SKCO+PV5SKCO+PV6SKCO+PV7SKCO+PV8SKCO+PV9SKCO+PV1SKPE+PV2SKPE+PV3SKPE+PV4SKPE+PV5SKPE+PV6SKPE+PV7SKPE+PV8SKPE+PV10SKPE+PV1SSPH+PV2SSPH+PV3SSPH+PV4SSPH+PV5SSPH+PV6SSPH+PV7SSPH+PV8SSPH+PV9SSPH+PV10SSPH+PV1SSLI+PV2SSLI+PV3SSLI+PV4SSLI+PV5SSLI+PV6SSLI+PV7SSLI+PV8SSLI+PV9SSLI+PV10SSLI+PV1SSES+PV2SSES+PV4SSES+PV5SSES+PV6SSES+PV7SSES+PV8SSES+PV9SSES+PV10SSES
7,False,True,False,False,True,[],[],"[0.000e+00 2.508e-01 3.558e-01 9.277e-01 9.669e-01 2.642e-01 2.059e-01
 8.259e-01 1.167e-01 4.295e-01 8.070e-02 0.000e+00 1.300e-01 4.656e-01
 3.471e-01 6.210e-02 3.855e-01 7.454e-01 7.429e-01 1.238e-01 3.906e-01
 1.900e-02 8.972e-01 7.476e-01 3.084e-01 7.020e-02 1.676e-01 5.652e-01
 8.140e-02 6.727e-01 8.000e-04 3.708e-01 5.630e-02 1.650e-01 1.997e-01
 5.801e-01 5.437e-01 6.582e-01 2.274e-01 5.565e-01 7.816e-01 8.674e-01
 2.814e-01 1.703e-01 4.493e-01 4.662e-01 8.139e-01 1.232e-01 9.097e-01
 7.869e-01 6.100e-03 5.270e-02 3.581e-01 2.923e-01 1.060e-02 6.841e-01
 8.923e-01 5.391e-01 6.341e-01 9.000e-04 4.571e-01 3.826e-01 2.617e-01
 1.568e-01 7.334e-01 9.781e-01 6.790e-02 2.751e-01 2.285e-01 4.500e-03
 1.744e-01 3.447e-01 9.618e-01 1.292e-01 3.068e-01 2.884e-01 8.552e-01
 3.986e-01 8.900e-03 6.767e-01 8.969e-01 3.067e-01 5.007e-01 3.397e-01
 3.730e-02 5.512e-01 1.585e-01 7.819e-01 2.895e-01 9.165e-01 1.609e-01
 1.288e-01 6.958e-01 6.240e-02]",0.8017,0.0,MATH~PV1READ+PV2READ+PV3READ+PV4READ+PV5READ+PV6READ+PV7READ+PV8READ+PV9READ+PV10READ+PV1SCIE+PV2SCIE+PV4SCIE+PV5SCIE+PV6SCIE+PV7SCIE+PV8SCIE+PV9SCIE+PV10SCIE+PV1SCEP+PV2SCEP+PV3SCEP+PV4SCEP+PV5SCEP+PV6SCEP+PV7SCEP+PV8SCEP+PV9SCEP+PV10SCEP+PV1SCED+PV3SCED+PV4SCED+PV5SCED+PV6SCED+PV7SCED+PV8SCED+PV9SCED+PV10SCED+PV1SCID+PV3SCID+PV4SCID+PV5SCID+PV6SCID+PV7SCID+PV8SCID+PV9SCID+PV10SCID+PV1SKCO+PV2SKCO+PV3SKCO+PV4SKCO+PV5SKCO+PV6SKCO+PV7SKCO+PV8SKCO+PV9SKCO+PV1SKPE+PV2SKPE+PV3SKPE+PV4SKPE+PV5SKPE+PV6SKPE+PV7SKPE+PV8SKPE+PV10SKPE+PV1SSPH+PV2SSPH+PV3SSPH+PV4SSPH+PV5SSPH+PV6SSPH+PV7SSPH+PV8SSPH+PV9SSPH+PV10SSPH+PV1SSLI+PV2SSLI+PV3SSLI+PV4SSLI+PV6SSLI+PV7SSLI+PV8SSLI+PV9SSLI+PV10SSLI+PV1SSES+PV2SSES+PV4SSES+PV5SSES+PV6SSES+PV7SSES+PV8SSES+PV9SSES+PV10SSES
8,False,True,False,False,True,[],[],"[0.000e+00 2.518e-01 3.531e-01 9.312e-01 9.580e-01 2.583e-01 2.000e-01
 8.315e-01 1.173e-01 4.306e-01 8.080e-02 0.000e+00 1.280e-01 4.675e-01
 3.447e-01 6.060e-02 3.865e-01 7.538e-01 7.501e-01 1.240e-01 3.867e-01
 1.880e-02 9.005e-01 7.492e-01 3.092e-01 6.760e-02 1.670e-01 5.558e-01
 8.040e-02 6.731e-01 8.000e-04 3.722e-01 5.640e-02 1.612e-01 2.009e-01
 5.843e-01 5.507e-01 6.528e-01 2.271e-01 5.595e-01 7.802e-01 8.663e-01
 2.843e-01 1.690e-01 4.472e-01 4.632e-01 8.147e-01 1.225e-01 9.223e-01
 7.926e-01 4.800e-03 5.220e-02 3.553e-01 2.945e-01 1.060e-02 6.858e-01
 8.923e-01 5.316e-01 6.344e-01 7.000e-04 4.581e-01 3.821e-01 2.639e-01
 1.579e-01 7.268e-01 9.795e-01 6.710e-02 2.777e-01 2.262e-01 4.500e-03
 1.732e-01 3.421e-01 9.708e-01 1.298e-01 3.096e-01 2.876e-01 8.642e-01
 4.001e-01 8.600e-03 6.776e-01 3.098e-01 4.911e-01 3.259e-01 3.720e-02
 5.483e-01 1.572e-01 7.850e-01 2.866e-01 8.744e-01 1.608e-01 1.295e-01
 6.902e-01 6.230e-02]",0.8021,0.0,MATH~PV1READ+PV2READ+PV3READ+PV4READ+PV5READ+PV6READ+PV7READ+PV8READ+PV9READ+PV10READ+PV1SCIE+PV2SCIE+PV4SCIE+PV5SCIE+PV6SCIE+PV7SCIE+PV8SCIE+PV9SCIE+PV10SCIE+PV1SCEP+PV2SCEP+PV3SCEP+PV4SCEP+PV5SCEP+PV6SCEP+PV7SCEP+PV8SCEP+PV9SCEP+PV10SCEP+PV1SCED+PV3SCED+PV4SCED+PV5SCED+PV6SCED+PV7SCED+PV8SCED+PV9SCED+PV10SCED+PV1SCID+PV3SCID+PV4SCID+PV5SCID+PV6SCID+PV7SCID+PV8SCID+PV9SCID+PV10SCID+PV1SKCO+PV2SKCO+PV3SKCO+PV4SKCO+PV5SKCO+PV6SKCO+PV7SKCO+PV8SKCO+PV9SKCO+PV1SKPE+PV2SKPE+PV3SKPE+PV4SKPE+PV5SKPE+PV6SKPE+PV7SKPE+PV8SKPE+PV10SKPE+PV1SSPH+PV2SSPH+PV3SSPH+PV4SSPH+PV5SSPH+PV6SSPH+PV7SSPH+PV8SSPH+PV9SSPH+PV10SSPH+PV1SSLI+PV2SSLI+PV3SSLI+PV4SSLI+PV7SSLI+PV8SSLI+PV9SSLI+PV10SSLI+PV1SSES+PV2SSES+PV4SSES+PV5SSES+PV6SSES+PV7SSES+PV8SSES+PV9SSES+PV10SSES
9,False,True,False,False,True,['PV10SCED'],[],"[0.000e+00 2.633e-01 3.620e-01 9.267e-01 9.370e-01 2.530e-01 1.822e-01
 8.653e-01 1.180e-01 4.370e-01 7.570e-02 0.000e+00 1.300e-01 4.780e-01
 3.395e-01 6.040e-02 4.033e-01 7.487e-01 7.448e-01 1.187e-01 3.808e-01
 1.910e-02 9.119e-01 7.720e-01 3.011e-01 6.540e-02 1.813e-01 5.399e-01
 8.140e-02 6.854e-01 8.000e-04 3.594e-01 4.710e-02 1.619e-01 1.936e-01
 5.784e-01 5.575e-01 6.400e-01 2.415e-01 5.721e-01 7.855e-01 8.923e-01
 2.733e-01 1.732e-01 4.749e-01 4.437e-01 7.781e-01 1.227e-01 9.387e-01
 9.666e-01 4.700e-03 4.890e-02 3.721e-01 2.752e-01 1.060e-02 7.005e-01
 8.541e-01 5.269e-01 7.000e-04 4.436e-01 4.077e-01 2.354e-01 1.652e-01
 7.147e-01 9.786e-01 6.590e-02 2.724e-01 2.222e-01 4.000e-03 1.825e-01
 3.504e-01 9.829e-01 1.283e-01 3.181e-01 2.948e-01 8.445e-01 3.767e-01
 8.200e-03 6.838e-01 3.086e-01 5.064e-01 3.272e-01 3.170e-02 5.679e-01
 1.629e-01 7.699e-01 3.027e-01 9.024e-01 1.547e-01 1.217e-01 6.998e-01
 5.730e-02]",0.8024,0.0,MATH~PV1READ+PV2READ+PV3READ+PV4READ+PV5READ+PV6READ+PV7READ+PV8READ+PV9READ+PV10READ+PV1SCIE+PV2SCIE+PV4SCIE+PV5SCIE+PV6SCIE+PV7SCIE+PV8SCIE+PV9SCIE+PV10SCIE+PV1SCEP+PV2SCEP+PV3SCEP+PV4SCEP+PV5SCEP+PV6SCEP+PV7SCEP+PV8SCEP+PV9SCEP+PV10SCEP+PV1SCED+PV3SCED+PV4SCED+PV5SCED+PV6SCED+PV7SCED+PV8SCED+PV9SCED+PV10SCED+PV1SCID+PV3SCID+PV4SCID+PV5SCID+PV6SCID+PV7SCID+PV8SCID+PV9SCID+PV10SCID+PV1SKCO+PV2SKCO+PV3SKCO+PV4SKCO+PV5SKCO+PV6SKCO+PV7SKCO+PV8SKCO+PV9SKCO+PV1SKPE+PV3SKPE+PV4SKPE+PV5SKPE+PV6SKPE+PV7SKPE+PV8SKPE+PV10SKPE+PV1SSPH+PV2SSPH+PV3SSPH+PV4SSPH+PV5SSPH+PV6SSPH+PV7SSPH+PV8SSPH+PV9SSPH+PV10SSPH+PV1SSLI+PV2SSLI+PV3SSLI+PV4SSLI+PV7SSLI+PV8SSLI+PV9SSLI+PV10SSLI+PV1SSES+PV2SSES+PV4SSES+PV5SSES+PV6SSES+PV7SSES+PV8SSES+PV9SSES+PV10SSES
10,False,True,False,False,True,['PV10SCED'],[],"[0.000e+00 2.615e-01 4.017e-01 9.280e-01 9.482e-01 2.592e-01 1.988e-01
 8.076e-01 1.302e-01 4.973e-01 8.230e-02 0.000e+00 1.197e-01 4.903e-01
 3.911e-01 5.220e-02 3.689e-01 7.500e-01 8.317e-01 1.209e-01 3.918e-01
 1.820e-02 9.119e-01 7.927e-01 3.391e-01 6.850e-02 1.760e-01 5.196e-01
 9.690e-02 6.710e-01 6.000e-04 3.531e-01 4.960e-02 1.649e-01 2.037e-01
 6.278e-01 5.273e-01 6.005e-01 2.828e-01 5.743e-01 8.264e-01 8.747e-01
 2.984e-01 1.519e-01 4.669e-01 4.922e-01 7.896e-01 1.385e-01 9.778e-01
 9.731e-01 5.900e-03 5.660e-02 3.984e-01 2.724e-01 9.000e-03 7.086e-01
 8.058e-01 4.543e-01 8.000e-04 4.920e-01 4.270e-01 2.421e-01 1.417e-01
 8.068e-01 9.841e-01 6.940e-02 2.861e-01 2.792e-01 4.000e-03 1.554e-01
 3.404e-01 9.820e-01 1.185e-01 1.822e-01 3.221e-01 9.145e-01 4.308e-01
 1.190e-02 7.343e-01 3.465e-01 4.594e-01 2.720e-02 5.692e-01 1.367e-01
 6.857e-01 2.978e-01 9.440e-01 1.668e-01 1.363e-01 9.438e-01 5.730e-02]",0.8024,0.0,MATH~PV1READ+PV2READ+PV3READ+PV4READ+PV5READ+PV6READ+PV7READ+PV8READ+PV9READ+PV10READ+PV1SCIE+PV2SCIE+PV4SCIE+PV5SCIE+PV6SCIE+PV7SCIE+PV8SCIE+PV9SCIE+PV10SCIE+PV1SCEP+PV2SCEP+PV3SCEP+PV4SCEP+PV5SCEP+PV6SCEP+PV7SCEP+PV8SCEP+PV9SCEP+PV10SCEP+PV1SCED+PV3SCED+PV4SCED+PV5SCED+PV6SCED+PV7SCED+PV8SCED+PV9SCED+PV10SCED+PV1SCID+PV3SCID+PV4SCID+PV5SCID+PV6SCID+PV7SCID+PV8SCID+PV9SCID+PV10SCID+PV1SKCO+PV2SKCO+PV3SKCO+PV4SKCO+PV5SKCO+PV6SKCO+PV7SKCO+PV8SKCO+PV9SKCO+PV1SKPE+PV3SKPE+PV4SKPE+PV5SKPE+PV6SKPE+PV7SKPE+PV8SKPE+PV10SKPE+PV1SSPH+PV2SSPH+PV3SSPH+PV4SSPH+PV5SSPH+PV6SSPH+PV7SSPH+PV8SSPH+PV9SSPH+PV10SSPH+PV1SSLI+PV2SSLI+PV3SSLI+PV4SSLI+PV7SSLI+PV8SSLI+PV10SSLI+PV1SSES+PV2SSES+PV4SSES+PV5SSES+PV6SSES+PV7SSES+PV8SSES+PV9SSES+PV10SSES
11,False,True,False,False,True,['PV10SCED'],[],"[0.000e+00 2.647e-01 4.020e-01 9.330e-01 9.403e-01 2.628e-01 1.994e-01
 8.084e-01 1.329e-01 4.946e-01 8.260e-02 0.000e+00 1.205e-01 5.015e-01
 3.823e-01 5.170e-02 3.740e-01 7.480e-01 8.263e-01 1.228e-01 3.827e-01
 1.710e-02 9.745e-01 8.004e-01 3.378e-01 6.820e-02 1.689e-01 5.235e-01
 9.950e-02 6.776e-01 6.000e-04 2.877e-01 4.930e-02 1.679e-01 1.962e-01
 6.337e-01 5.075e-01 5.913e-01 2.841e-01 5.780e-01 8.650e-01 2.932e-01
 1.548e-01 4.304e-01 4.942e-01 8.163e-01 1.415e-01 9.987e-01 9.806e-01
 5.500e-03 5.650e-02 3.900e-01 2.704e-01 9.000e-03 7.082e-01 8.076e-01
 4.622e-01 7.000e-04 4.985e-01 4.194e-01 2.445e-01 1.418e-01 8.181e-01
 9.876e-01 6.980e-02 2.804e-01 2.838e-01 3.900e-03 1.541e-01 3.324e-01
 9.881e-01 1.189e-01 1.869e-01 3.194e-01 9.017e-01 4.325e-01 1.180e-02
 7.397e-01 3.431e-01 4.614e-01 2.660e-02 5.722e-01 1.357e-01 6.736e-01
 2.930e-01 9.242e-01 1.630e-01 1.363e-01 9.678e-01 5.720e-02]",0.8028,0.0,MATH~PV1READ+PV2READ+PV3READ+PV4READ+PV5READ+PV6READ+PV7READ+PV8READ+PV9READ+PV10READ+PV1SCIE+PV2SCIE+PV4SCIE+PV5SCIE+PV6SCIE+PV7SCIE+PV8SCIE+PV9SCIE+PV10SCIE+PV1SCEP+PV2SCEP+PV3SCEP+PV4SCEP+PV5SCEP+PV6SCEP+PV7SCEP+PV8SCEP+PV9SCEP+PV10SCEP+PV1SCED+PV3SCED+PV4SCED+PV5SCED+PV6SCED+PV7SCED+PV8SCED+PV9SCED+PV10SCED+PV1SCID+PV4SCID+PV5SCID+PV6SCID+PV7SCID+PV8SCID+PV9SCID+PV10SCID+PV1SKCO+PV2SKCO+PV3SKCO+PV4SKCO+PV5SKCO+PV6SKCO+PV7SKCO+PV8SKCO+PV9SKCO+PV1SKPE+PV3SKPE+PV4SKPE+PV5SKPE+PV6SKPE+PV7SKPE+PV8SKPE+PV10SKPE+PV1SSPH+PV2SSPH+PV3SSPH+PV4SSPH+PV5SSPH+PV6SSPH+PV7SSPH+PV8SSPH+PV9SSPH+PV10SSPH+PV1SSLI+PV2SSLI+PV3SSLI+PV4SSLI+PV7SSLI+PV8SSLI+PV10SSLI+PV1SSES+PV2SSES+PV4SSES+PV5SSES+PV6SSES+PV7SSES+PV8SSES+PV9SSES+PV10SSES
12,False,True,False,False,True,[],[],"[0.000e+00 2.751e-01 4.344e-01 9.782e-01 9.051e-01 2.120e-01 1.933e-01
 7.709e-01 1.421e-01 5.222e-01 8.070e-02 0.000e+00 1.304e-01 4.795e-01
 3.333e-01 4.960e-02 3.883e-01 7.191e-01 8.381e-01 1.199e-01 3.885e-01
 1.600e-02 9.511e-01 8.623e-01 3.410e-01 7.110e-02 1.855e-01 4.576e-01
 1.006e-01 6.697e-01 7.000e-04 3.208e-01 4.190e-02 1.768e-01 1.686e-01
 6.506e-01 5.148e-01 5.817e-01 2.835e-01 5.546e-01 8.634e-01 2.570e-01
 1.932e-01 4.879e-01 4.855e-01 7.726e-01 1.576e-01 9.678e-01 9.547e-01
 5.000e-03 6.990e-02 4.059e-01 2.688e-01 1.080e-02 6.952e-01 7.963e-01
 5.049e-01 5.000e-04 5.297e-01 4.087e-01 2.528e-01 1.435e-01 8.728e-01
 9.992e-01 7.380e-02 2.882e-01 2.792e-01 4.500e-03 2.810e-01 3.132e-01
 9.512e-01 1.179e-01 2.075e-01 3.382e-01 9.190e-01 4.275e-01 1.200e-02
 6.607e-01 3.514e-01 4.698e-01 2.080e-02 6.213e-01 1.537e-01 8.125e-01
 8.105e-01 1.720e-01 1.139e-01 9.562e-01 5.360e-02]",0.8027,0.0,MATH~PV1READ+PV2READ+PV3READ+PV4READ+PV5READ+PV6READ+PV7READ+PV8READ+PV9READ+PV10READ+PV1SCIE+PV2SCIE+PV4SCIE+PV5SCIE+PV6SCIE+PV7SCIE+PV8SCIE+PV9SCIE+PV10SCIE+PV1SCEP+PV2SCEP+PV3SCEP+PV4SCEP+PV5SCEP+PV6SCEP+PV7SCEP+PV8SCEP+PV9SCEP+PV10SCEP+PV1SCED+PV3SCED+PV4SCED+PV5SCED+PV6SCED+PV7SCED+PV8SCED+PV9SCED+PV10SCED+PV1SCID+PV4SCID+PV5SCID+PV6SCID+PV7SCID+PV8SCID+PV9SCID+PV10SCID+PV1SKCO+PV2SKCO+PV3SKCO+PV4SKCO+PV5SKCO+PV6SKCO+PV7SKCO+PV8SKCO+PV9SKCO+PV1SKPE+PV3SKPE+PV4SKPE+PV5SKPE+PV6SKPE+PV7SKPE+PV8SKPE+PV10SKPE+PV1SSPH+PV2SSPH+PV3SSPH+PV4SSPH+PV5SSPH+PV6SSPH+PV7SSPH+PV8SSPH+PV9SSPH+PV10SSPH+PV1SSLI+PV2SSLI+PV3SSLI+PV4SSLI+PV7SSLI+PV8SSLI+PV10SSLI+PV1SSES+PV2SSES+PV4SSES+PV6SSES+PV7SSES+PV8SSES+PV9SSES+PV10SSES
13,False,True,False,False,True,[],[],"[0.000e+00 2.819e-01 4.306e-01 9.675e-01 9.319e-01 2.083e-01 2.062e-01
 7.706e-01 1.377e-01 5.232e-01 7.840e-02 0.000e+00 1.324e-01 4.727e-01
 3.184e-01 5.220e-02 3.968e-01 7.361e-01 8.268e-01 1.064e-01 3.835e-01
 1.510e-02 9.634e-01 8.660e-01 3.324e-01 7.010e-02 1.768e-01 4.617e-01
 1.048e-01 7.072e-01 6.000e-04 3.097e-01 3.890e-02 1.817e-01 1.621e-01
 6.405e-01 5.006e-01 6.100e-01 2.872e-01 5.500e-01 8.660e-01 2.422e-01
 2.021e-01 4.971e-01 4.790e-01 8.146e-01 1.525e-01 9.898e-01 9.576e-01
 4.900e-03 6.790e-02 4.137e-01 2.610e-01 1.050e-02 6.736e-01 7.656e-01
 4.739e-01 5.000e-04 5.452e-01 4.171e-01 2.357e-01 1.370e-01 8.803e-01
 9.969e-01 6.840e-02 2.729e-01 2.472e-01 4.800e-03 2.922e-01 3.256e-01
 9.386e-01 1.092e-01 1.971e-01 3.209e-01 8.599e-01 3.883e-01 1.060e-02
 3.314e-01 4.708e-01 2.210e-02 6.604e-01 1.577e-01 6.836e-01 8.141e-01
 1.630e-01 1.019e-01 9.943e-01 5.110e-02]",0.803,0.0,MATH~PV1READ+PV2READ+PV3READ+PV4READ+PV5READ+PV6READ+PV7READ+PV8READ+PV9READ+PV10READ+PV1SCIE+PV2SCIE+PV4SCIE+PV5SCIE+PV6SCIE+PV7SCIE+PV8SCIE+PV9SCIE+PV10SCIE+PV1SCEP+PV2SCEP+PV3SCEP+PV4SCEP+PV5SCEP+PV6SCEP+PV7SCEP+PV8SCEP+PV9SCEP+PV10SCEP+PV1SCED+PV3SCED+PV4SCED+PV5SCED+PV6SCED+PV7SCED+PV8SCED+PV9SCED+PV10SCED+PV1SCID+PV4SCID+PV5SCID+PV6SCID+PV7SCID+PV8SCID+PV9SCID+PV10SCID+PV1SKCO+PV2SKCO+PV3SKCO+PV4SKCO+PV5SKCO+PV6SKCO+PV7SKCO+PV8SKCO+PV9SKCO+PV1SKPE+PV3SKPE+PV4SKPE+PV5SKPE+PV6SKPE+PV7SKPE+PV8SKPE+PV10SKPE+PV1SSPH+PV2SSPH+PV3SSPH+PV4SSPH+PV5SSPH+PV6SSPH+PV7SSPH+PV8SSPH+PV9SSPH+PV10SSPH+PV1SSLI+PV2SSLI+PV3SSLI+PV7SSLI+PV8SSLI+PV10SSLI+PV1SSES+PV2SSES+PV4SSES+PV6SSES+PV7SSES+PV8SSES+PV9SSES+PV10SSES
14,False,True,False,False,True,[],[],"[0.000e+00 2.873e-01 4.197e-01 9.686e-01 9.394e-01 2.109e-01 2.100e-01
 7.602e-01 1.379e-01 5.237e-01 7.660e-02 0.000e+00 1.292e-01 4.635e-01
 3.165e-01 5.280e-02 3.806e-01 7.437e-01 8.328e-01 1.061e-01 3.861e-01
 1.530e-02 9.533e-01 8.704e-01 3.405e-01 6.750e-02 1.766e-01 4.683e-01
 9.650e-02 7.038e-01 6.000e-04 3.156e-01 3.900e-02 1.861e-01 1.639e-01
 6.220e-01 4.973e-01 6.434e-01 2.851e-01 5.443e-01 8.445e-01 2.457e-01
 1.923e-01 5.073e-01 4.688e-01 1.548e-01 9.864e-01 9.542e-01 4.900e-03
 6.720e-02 4.131e-01 2.657e-01 1.040e-02 6.742e-01 7.743e-01 4.636e-01
 5.000e-04 5.309e-01 4.173e-01 2.365e-01 1.357e-01 8.702e-01 9.900e-01
 6.910e-02 2.678e-01 2.386e-01 4.700e-03 2.895e-01 3.103e-01 9.504e-01
 1.102e-01 1.974e-01 2.988e-01 8.734e-01 3.856e-01 9.800e-03 3.398e-01
 4.813e-01 2.260e-02 6.518e-01 1.582e-01 6.855e-01 8.038e-01 1.665e-01
 9.800e-02 9.914e-01 4.940e-02]",0.8034,0.0,MATH~PV1READ+PV2READ+PV3READ+PV4READ+PV5READ+PV6READ+PV7READ+PV8READ+PV9READ+PV10READ+PV1SCIE+PV2SCIE+PV4SCIE+PV5SCIE+PV6SCIE+PV7SCIE+PV8SCIE+PV9SCIE+PV10SCIE+PV1SCEP+PV2SCEP+PV3SCEP+PV4SCEP+PV5SCEP+PV6SCEP+PV7SCEP+PV8SCEP+PV9SCEP+PV10SCEP+PV1SCED+PV3SCED+PV4SCED+PV5SCED+PV6SCED+PV7SCED+PV8SCED+PV9SCED+PV10SCED+PV1SCID+PV4SCID+PV5SCID+PV6SCID+PV7SCID+PV8SCID+PV10SCID+PV1SKCO+PV2SKCO+PV3SKCO+PV4SKCO+PV5SKCO+PV6SKCO+PV7SKCO+PV8SKCO+PV9SKCO+PV1SKPE+PV3SKPE+PV4SKPE+PV5SKPE+PV6SKPE+PV7SKPE+PV8SKPE+PV10SKPE+PV1SSPH+PV2SSPH+PV3SSPH+PV4SSPH+PV5SSPH+PV6SSPH+PV7SSPH+PV8SSPH+PV9SSPH+PV10SSPH+PV1SSLI+PV2SSLI+PV3SSLI+PV7SSLI+PV8SSLI+PV10SSLI+PV1SSES+PV2SSES+PV4SSES+PV6SSES+PV7SSES+PV8SSES+PV9SSES+PV10SSES
15,False,True,False,False,True,[],[],"[0.000e+00 2.864e-01 4.220e-01 9.712e-01 9.346e-01 2.114e-01 2.067e-01
 7.617e-01 1.397e-01 5.231e-01 7.760e-02 0.000e+00 1.310e-01 4.680e-01
 3.167e-01 5.330e-02 3.702e-01 7.392e-01 8.303e-01 1.060e-01 3.751e-01
 1.530e-02 9.658e-01 3.236e-01 6.730e-02 1.682e-01 4.504e-01 9.680e-02
 7.022e-01 6.000e-04 3.108e-01 2.910e-02 1.857e-01 1.643e-01 6.096e-01
 4.981e-01 6.439e-01 2.868e-01 5.563e-01 7.975e-01 2.345e-01 1.839e-01
 5.029e-01 4.784e-01 1.543e-01 9.756e-01 9.523e-01 4.900e-03 6.770e-02
 4.064e-01 2.677e-01 1.020e-02 6.776e-01 7.674e-01 4.683e-01 5.000e-04
 5.258e-01 4.158e-01 2.401e-01 1.353e-01 8.648e-01 9.867e-01 6.940e-02
 2.684e-01 2.420e-01 4.600e-03 2.849e-01 3.121e-01 9.503e-01 1.112e-01
 1.986e-01 3.009e-01 8.656e-01 3.837e-01 9.800e-03 3.435e-01 4.890e-01
 2.280e-02 6.582e-01 1.588e-01 6.694e-01 8.092e-01 1.662e-01 9.420e-02
 9.865e-01 4.930e-02]",0.8038,0.0,MATH~PV1READ+PV2READ+PV3READ+PV4READ+PV5READ+PV6READ+PV7READ+PV8READ+PV9READ+PV10READ+PV1SCIE+PV2SCIE+PV4SCIE+PV5SCIE+PV6SCIE+PV7SCIE+PV8SCIE+PV9SCIE+PV10SCIE+PV1SCEP+PV2SCEP+PV3SCEP+PV5SCEP+PV6SCEP+PV7SCEP+PV8SCEP+PV9SCEP+PV10SCEP+PV1SCED+PV3SCED+PV4SCED+PV5SCED+PV6SCED+PV7SCED+PV8SCED+PV9SCED+PV10SCED+PV1SCID+PV4SCID+PV5SCID+PV6SCID+PV7SCID+PV8SCID+PV10SCID+PV1SKCO+PV2SKCO+PV3SKCO+PV4SKCO+PV5SKCO+PV6SKCO+PV7SKCO+PV8SKCO+PV9SKCO+PV1SKPE+PV3SKPE+PV4SKPE+PV5SKPE+PV6SKPE+PV7SKPE+PV8SKPE+PV10SKPE+PV1SSPH+PV2SSPH+PV3SSPH+PV4SSPH+PV5SSPH+PV6SSPH+PV7SSPH+PV8SSPH+PV9SSPH+PV10SSPH+PV1SSLI+PV2SSLI+PV3SSLI+PV7SSLI+PV8SSLI+PV10SSLI+PV1SSES+PV2SSES+PV4SSES+PV6SSES+PV7SSES+PV8SSES+PV9SSES+PV10SSES
16,False,True,False,False,True,[],[],"[0.000e+00 2.862e-01 4.195e-01 9.297e-01 2.103e-01 1.920e-01 7.588e-01
 1.381e-01 5.233e-01 7.700e-02 0.000e+00 1.305e-01 4.677e-01 3.163e-01
 5.210e-02 3.698e-01 7.388e-01 8.301e-01 1.058e-01 3.743e-01 1.470e-02
 9.677e-01 3.229e-01 6.470e-02 1.661e-01 4.494e-01 9.650e-02 7.013e-01
 6.000e-04 3.098e-01 2.890e-02 1.852e-01 1.617e-01 6.101e-01 4.980e-01
 6.414e-01 2.865e-01 5.560e-01 7.972e-01 2.324e-01 1.821e-01 5.006e-01
 4.767e-01 1.540e-01 9.740e-01 9.518e-01 4.700e-03 6.700e-02 4.060e-01
 2.670e-01 1.000e-02 6.765e-01 7.671e-01 4.681e-01 4.000e-04 5.261e-01
 4.157e-01 2.397e-01 1.333e-01 8.641e-01 9.848e-01 6.910e-02 2.675e-01
 2.416e-01 4.500e-03 2.846e-01 3.097e-01 9.501e-01 1.108e-01 1.984e-01
 2.993e-01 8.630e-01 3.822e-01 9.700e-03 3.411e-01 4.891e-01 2.260e-02
 6.589e-01 1.578e-01 6.691e-01 8.079e-01 1.654e-01 9.390e-02 9.866e-01
 4.820e-02]",0.8041,0.0,MATH~PV1READ+PV2READ+PV4READ+PV5READ+PV6READ+PV7READ+PV8READ+PV9READ+PV10READ+PV1SCIE+PV2SCIE+PV4SCIE+PV5SCIE+PV6SCIE+PV7SCIE+PV8SCIE+PV9SCIE+PV10SCIE+PV1SCEP+PV2SCEP+PV3SCEP+PV5SCEP+PV6SCEP+PV7SCEP+PV8SCEP+PV9SCEP+PV10SCEP+PV1SCED+PV3SCED+PV4SCED+PV5SCED+PV6SCED+PV7SCED+PV8SCED+PV9SCED+PV10SCED+PV1SCID+PV4SCID+PV5SCID+PV6SCID+PV7SCID+PV8SCID+PV10SCID+PV1SKCO+PV2SKCO+PV3SKCO+PV4SKCO+PV5SKCO+PV6SKCO+PV7SKCO+PV8SKCO+PV9SKCO+PV1SKPE+PV3SKPE+PV4SKPE+PV5SKPE+PV6SKPE+PV7SKPE+PV8SKPE+PV10SKPE+PV1SSPH+PV2SSPH+PV3SSPH+PV4SSPH+PV5SSPH+PV6SSPH+PV7SSPH+PV8SSPH+PV9SSPH+PV10SSPH+PV1SSLI+PV2SSLI+PV3SSLI+PV7SSLI+PV8SSLI+PV10SSLI+PV1SSES+PV2SSES+PV4SSES+PV6SSES+PV7SSES+PV8SSES+PV9SSES+PV10SSES
17,False,True,False,False,True,[],[],"[0.000e+00 2.871e-01 4.280e-01 9.465e-01 1.730e-01 2.166e-01 7.366e-01
 1.447e-01 5.193e-01 7.840e-02 0.000e+00 1.261e-01 4.488e-01 3.360e-01
 5.630e-02 4.007e-01 7.582e-01 8.247e-01 1.217e-01 3.670e-01 1.690e-02
 9.892e-01 5.556e-01 7.150e-02 1.765e-01 3.985e-01 8.780e-02 6.659e-01
 7.000e-04 2.908e-01 2.610e-02 8.750e-02 1.348e-01 6.962e-01 4.600e-01
 6.122e-01 2.359e-01 6.120e-01 8.507e-01 2.338e-01 4.068e-01 5.574e-01
 1.677e-01 9.783e-01 9.838e-01 4.300e-03 6.670e-02 3.494e-01 2.471e-01
 1.130e-02 6.804e-01 7.638e-01 4.762e-01 4.000e-04 6.205e-01 4.032e-01
 2.510e-01 1.544e-01 8.309e-01 9.134e-01 7.160e-02 2.339e-01 2.404e-01
 5.200e-03 2.726e-01 3.006e-01 9.788e-01 9.810e-02 1.936e-01 3.122e-01
 9.249e-01 3.848e-01 9.300e-03 2.879e-01 4.802e-01 2.270e-02 6.062e-01
 1.268e-01 7.449e-01 7.656e-01 1.326e-01 7.400e-02 9.026e-01 4.850e-02]",0.804,0.0,MATH~PV1READ+PV2READ+PV4READ+PV5READ+PV6READ+PV7READ+PV8READ+PV9READ+PV10READ+PV1SCIE+PV2SCIE+PV4SCIE+PV5SCIE+PV6SCIE+PV7SCIE+PV8SCIE+PV9SCIE+PV10SCIE+PV1SCEP+PV2SCEP+PV3SCEP+PV5SCEP+PV6SCEP+PV7SCEP+PV8SCEP+PV9SCEP+PV10SCEP+PV1SCED+PV3SCED+PV4SCED+PV5SCED+PV6SCED+PV7SCED+PV8SCED+PV9SCED+PV10SCED+PV1SCID+PV4SCID+PV6SCID+PV7SCID+PV8SCID+PV10SCID+PV1SKCO+PV2SKCO+PV3SKCO+PV4SKCO+PV5SKCO+PV6SKCO+PV7SKCO+PV8SKCO+PV9SKCO+PV1SKPE+PV3SKPE+PV4SKPE+PV5SKPE+PV6SKPE+PV7SKPE+PV8SKPE+PV10SKPE+PV1SSPH+PV2SSPH+PV3SSPH+PV4SSPH+PV5SSPH+PV6SSPH+PV7SSPH+PV8SSPH+PV9SSPH+PV10SSPH+PV1SSLI+PV2SSLI+PV3SSLI+PV7SSLI+PV8SSLI+PV10SSLI+PV1SSES+PV2SSES+PV4SSES+PV6SSES+PV7SSES+PV8SSES+PV9SSES+PV10SSES
18,False,True,False,False,True,"['PV10SCEP', 'PV10SCED']",[],"[0.000e+00 2.473e-01 4.437e-01 9.808e-01 1.415e-01 2.357e-01 7.869e-01
 1.678e-01 7.220e-02 0.000e+00 1.261e-01 4.282e-01 3.412e-01 5.570e-02
 4.274e-01 7.999e-01 9.777e-01 1.067e-01 3.696e-01 1.720e-02 9.892e-01
 5.461e-01 8.020e-02 1.928e-01 3.849e-01 9.090e-02 6.910e-01 8.000e-04
 2.862e-01 2.800e-02 8.510e-02 1.438e-01 7.276e-01 4.448e-01 6.114e-01
 2.140e-01 6.121e-01 8.541e-01 2.364e-01 4.220e-01 5.677e-01 1.549e-01
 9.783e-01 9.826e-01 4.000e-03 6.740e-02 3.278e-01 2.316e-01 1.170e-02
 6.851e-01 7.437e-01 4.595e-01 4.000e-04 6.488e-01 3.869e-01 2.451e-01
 1.627e-01 8.451e-01 9.083e-01 6.920e-02 2.377e-01 2.266e-01 5.500e-03
 2.642e-01 3.315e-01 9.661e-01 1.001e-01 1.941e-01 3.096e-01 9.402e-01
 3.882e-01 8.700e-03 2.744e-01 4.816e-01 2.280e-02 5.960e-01 1.322e-01
 7.208e-01 7.622e-01 1.269e-01 7.720e-02 9.274e-01 5.100e-02]",0.8042,0.0,MATH~PV1READ+PV2READ+PV4READ+PV5READ+PV6READ+PV7READ+PV8READ+PV10READ+PV1SCIE+PV2SCIE+PV4SCIE+PV5SCIE+PV6SCIE+PV7SCIE+PV8SCIE+PV9SCIE+PV10SCIE+PV1SCEP+PV2SCEP+PV3SCEP+PV5SCEP+PV6SCEP+PV7SCEP+PV8SCEP+PV9SCEP+PV10SCEP+PV1SCED+PV3SCED+PV4SCED+PV5SCED+PV6SCED+PV7SCED+PV8SCED+PV9SCED+PV10SCED+PV1SCID+PV4SCID+PV6SCID+PV7SCID+PV8SCID+PV10SCID+PV1SKCO+PV2SKCO+PV3SKCO+PV4SKCO+PV5SKCO+PV6SKCO+PV7SKCO+PV8SKCO+PV9SKCO+PV1SKPE+PV3SKPE+PV4SKPE+PV5SKPE+PV6SKPE+PV7SKPE+PV8SKPE+PV10SKPE+PV1SSPH+PV2SSPH+PV3SSPH+PV4SSPH+PV5SSPH+PV6SSPH+PV7SSPH+PV8SSPH+PV9SSPH+PV10SSPH+PV1SSLI+PV2SSLI+PV3SSLI+PV7SSLI+PV8SSLI+PV10SSLI+PV1SSES+PV2SSES+PV4SSES+PV6SSES+PV7SSES+PV8SSES+PV9SSES+PV10SSES
19,False,True,False,False,True,['PV10SCED'],[],"[0.000e+00 2.411e-01 4.313e-01 9.837e-01 1.722e-01 2.247e-01 7.879e-01
 1.844e-01 7.090e-02 0.000e+00 1.425e-01 4.793e-01 3.944e-01 6.470e-02
 3.837e-01 8.532e-01 9.955e-01 1.260e-01 4.502e-01 1.560e-02 9.898e-01
 5.423e-01 8.030e-02 1.510e-01 5.414e-01 1.088e-01 3.281e-01 5.000e-04
 3.385e-01 2.450e-02 8.290e-02 1.788e-01 6.159e-01 3.607e-01 5.839e-01
 4.093e-01 3.822e-01 8.038e-01 2.078e-01 4.550e-01 5.332e-01 9.839e-01
 9.476e-01 6.600e-03 6.630e-02 2.948e-01 1.652e-01 1.310e-02 6.219e-01
 6.793e-01 4.322e-01 5.000e-04 6.076e-01 4.210e-01 2.311e-01 1.702e-01
 8.156e-01 8.767e-01 8.760e-02 2.105e-01 2.510e-01 7.400e-03 2.934e-01
 3.401e-01 9.308e-01 1.058e-01 1.842e-01 3.121e-01 9.096e-01 3.772e-01
 1.020e-02 2.912e-01 3.981e-01 2.210e-02 5.851e-01 1.174e-01 8.188e-01
 8.232e-01 1.414e-01 1.056e-01 9.492e-01 5.190e-02]",0.8038,0.0,MATH~PV1READ+PV2READ+PV4READ+PV5READ+PV6READ+PV7READ+PV8READ+PV10READ+PV1SCIE+PV2SCIE+PV4SCIE+PV5SCIE+PV6SCIE+PV7SCIE+PV8SCIE+PV9SCIE+PV10SCIE+PV1SCEP+PV2SCEP+PV3SCEP+PV5SCEP+PV6SCEP+PV7SCEP+PV8SCEP+PV9SCEP+PV10SCEP+PV1SCED+PV3SCED+PV4SCED+PV5SCED+PV6SCED+PV7SCED+PV8SCED+PV9SCED+PV10SCED+PV1SCID+PV4SCID+PV6SCID+PV7SCID+PV8SCID+PV1SKCO+PV2SKCO+PV3SKCO+PV4SKCO+PV5SKCO+PV6SKCO+PV7SKCO+PV8SKCO+PV9SKCO+PV1SKPE+PV3SKPE+PV4SKPE+PV5SKPE+PV6SKPE+PV7SKPE+PV8SKPE+PV10SKPE+PV1SSPH+PV2SSPH+PV3SSPH+PV4SSPH+PV5SSPH+PV6SSPH+PV7SSPH+PV8SSPH+PV9SSPH+PV10SSPH+PV1SSLI+PV2SSLI+PV3SSLI+PV7SSLI+PV8SSLI+PV10SSLI+PV1SSES+PV2SSES+PV4SSES+PV6SSES+PV7SSES+PV8SSES+PV9SSES+PV10SSES
20,False,True,False,False,True,['PV10SCED'],[],"[0.000e+00 2.648e-01 4.471e-01 9.805e-01 1.839e-01 2.265e-01 8.240e-01
 2.042e-01 7.230e-02 0.000e+00 1.443e-01 4.910e-01 3.764e-01 7.200e-02
 3.938e-01 8.913e-01 9.989e-01 1.261e-01 1.880e-02 9.867e-01 4.974e-01
 8.440e-02 1.540e-01 5.217e-01 1.060e-01 2.950e-01 6.000e-04 3.245e-01
 2.420e-02 7.240e-02 1.798e-01 6.502e-01 3.730e-01 5.619e-01 3.858e-01
 2.344e-01 8.655e-01 2.196e-01 4.560e-01 5.290e-01 9.956e-01 9.835e-01
 7.000e-03 7.490e-02 2.898e-01 1.827e-01 1.110e-02 6.333e-01 6.759e-01
 4.566e-01 6.000e-04 6.424e-01 4.238e-01 2.521e-01 1.606e-01 7.866e-01
 8.936e-01 8.020e-02 2.212e-01 2.232e-01 6.700e-03 2.830e-01 3.528e-01
 9.178e-01 1.136e-01 2.045e-01 2.965e-01 9.546e-01 3.691e-01 8.800e-03
 2.871e-01 4.510e-01 2.390e-02 5.089e-01 1.088e-01 8.547e-01 8.446e-01
 1.280e-01 9.450e-02 9.214e-01 5.400e-02]",0.804,0.0,MATH~PV1READ+PV2READ+PV4READ+PV5READ+PV6READ+PV7READ+PV8READ+PV10READ+PV1SCIE+PV2SCIE+PV4SCIE+PV5SCIE+PV6SCIE+PV7SCIE+PV8SCIE+PV9SCIE+PV10SCIE+PV2SCEP+PV3SCEP+PV5SCEP+PV6SCEP+PV7SCEP+PV8SCEP+PV9SCEP+PV10SCEP+PV1SCED+PV3SCED+PV4SCED+PV5SCED+PV6SCED+PV7SCED+PV8SCED+PV9SCED+PV10SCED+PV1SCID+PV4SCID+PV6SCID+PV7SCID+PV8SCID+PV1SKCO+PV2SKCO+PV3SKCO+PV4SKCO+PV5SKCO+PV6SKCO+PV7SKCO+PV8SKCO+PV9SKCO+PV1SKPE+PV3SKPE+PV4SKPE+PV5SKPE+PV6SKPE+PV7SKPE+PV8SKPE+PV10SKPE+PV1SSPH+PV2SSPH+PV3SSPH+PV4SSPH+PV5SSPH+PV6SSPH+PV7SSPH+PV8SSPH+PV9SSPH+PV10SSPH+PV1SSLI+PV2SSLI+PV3SSLI+PV7SSLI+PV8SSLI+PV10SSLI+PV1SSES+PV2SSES+PV4SSES+PV6SSES+PV7SSES+PV8SSES+PV9SSES+PV10SSES
21,False,True,False,False,True,['PV10SCED'],[],"[0.000e+00 2.702e-01 4.544e-01 9.698e-01 1.758e-01 2.195e-01 8.120e-01
 2.054e-01 7.250e-02 0.000e+00 1.403e-01 4.902e-01 3.639e-01 7.000e-02
 4.056e-01 8.966e-01 9.734e-01 1.293e-01 2.040e-02 9.962e-01 4.790e-01
 8.290e-02 1.508e-01 4.793e-01 1.083e-01 2.925e-01 5.000e-04 3.412e-01
 2.550e-02 6.480e-02 1.827e-01 6.426e-01 3.741e-01 5.504e-01 3.544e-01
 2.179e-01 8.524e-01 2.019e-01 4.371e-01 5.491e-01 9.607e-01 9.813e-01
 6.000e-03 8.080e-02 2.819e-01 1.951e-01 1.000e-02 6.816e-01 4.893e-01
 5.000e-04 6.798e-01 4.177e-01 2.594e-01 1.594e-01 5.411e-01 8.894e-01
 8.750e-02 2.166e-01 2.046e-01 6.100e-03 2.722e-01 3.744e-01 9.017e-01
 1.097e-01 2.215e-01 2.908e-01 9.439e-01 3.738e-01 7.500e-03 2.949e-01
 4.647e-01 2.440e-02 5.217e-01 1.011e-01 8.064e-01 8.721e-01 1.203e-01
 8.970e-02 9.377e-01 5.160e-02]",0.8043,0.0,MATH~PV1READ+PV2READ+PV4READ+PV5READ+PV6READ+PV7READ+PV8READ+PV10READ+PV1SCIE+PV2SCIE+PV4SCIE+PV5SCIE+PV6SCIE+PV7SCIE+PV8SCIE+PV9SCIE+PV10SCIE+PV2SCEP+PV3SCEP+PV5SCEP+PV6SCEP+PV7SCEP+PV8SCEP+PV9SCEP+PV10SCEP+PV1SCED+PV3SCED+PV4SCED+PV5SCED+PV6SCED+PV7SCED+PV8SCED+PV9SCED+PV10SCED+PV1SCID+PV4SCID+PV6SCID+PV7SCID+PV8SCID+PV1SKCO+PV2SKCO+PV3SKCO+PV4SKCO+PV5SKCO+PV6SKCO+PV7SKCO+PV9SKCO+PV1SKPE+PV3SKPE+PV4SKPE+PV5SKPE+PV6SKPE+PV7SKPE+PV8SKPE+PV10SKPE+PV1SSPH+PV2SSPH+PV3SSPH+PV4SSPH+PV5SSPH+PV6SSPH+PV7SSPH+PV8SSPH+PV9SSPH+PV10SSPH+PV1SSLI+PV2SSLI+PV3SSLI+PV7SSLI+PV8SSLI+PV10SSLI+PV1SSES+PV2SSES+PV4SSES+PV6SSES+PV7SSES+PV8SSES+PV9SSES+PV10SSES
22,False,True,False,False,True,['PV10SCED'],[],"[0.000e+00 2.422e-01 4.321e-01 9.809e-01 1.665e-01 2.532e-01 7.026e-01
 2.774e-01 9.670e-02 0.000e+00 1.500e-01 4.973e-01 3.622e-01 9.080e-02
 3.240e-01 9.513e-01 9.680e-01 1.818e-01 1.640e-02 9.197e-01 4.662e-01
 7.480e-02 1.851e-01 4.857e-01 8.400e-02 3.786e-01 6.000e-04 3.025e-01
 2.400e-02 6.130e-02 1.539e-01 5.628e-01 3.299e-01 6.572e-01 3.779e-01
 2.279e-01 8.443e-01 2.189e-01 5.372e-01 6.327e-01 9.889e-01 9.364e-01
 5.900e-03 6.410e-02 2.781e-01 2.491e-01 7.600e-03 7.231e-01 5.501e-01
 4.000e-04 6.062e-01 3.846e-01 2.848e-01 1.389e-01 6.144e-01 8.888e-01
 1.112e-01 2.358e-01 2.515e-01 9.200e-03 2.914e-01 3.214e-01 8.603e-01
 2.500e-01 1.939e-01 3.545e-01 8.318e-01 2.983e-01 1.170e-02 2.179e-01
 1.777e-01 3.840e-02 6.381e-01 1.419e-01 8.058e-01 8.013e-01 7.670e-02
 9.764e-01 8.140e-02]",0.8036,0.0,MATH~PV1READ+PV2READ+PV4READ+PV5READ+PV6READ+PV7READ+PV8READ+PV10READ+PV1SCIE+PV2SCIE+PV4SCIE+PV5SCIE+PV6SCIE+PV7SCIE+PV8SCIE+PV9SCIE+PV10SCIE+PV2SCEP+PV3SCEP+PV5SCEP+PV6SCEP+PV7SCEP+PV8SCEP+PV9SCEP+PV10SCEP+PV1SCED+PV3SCED+PV4SCED+PV5SCED+PV6SCED+PV7SCED+PV8SCED+PV9SCED+PV10SCED+PV1SCID+PV4SCID+PV6SCID+PV7SCID+PV8SCID+PV1SKCO+PV2SKCO+PV3SKCO+PV4SKCO+PV5SKCO+PV6SKCO+PV7SKCO+PV9SKCO+PV1SKPE+PV3SKPE+PV4SKPE+PV5SKPE+PV6SKPE+PV7SKPE+PV8SKPE+PV10SKPE+PV1SSPH+PV2SSPH+PV3SSPH+PV4SSPH+PV5SSPH+PV6SSPH+PV7SSPH+PV8SSPH+PV9SSPH+PV10SSPH+PV1SSLI+PV2SSLI+PV3SSLI+PV7SSLI+PV8SSLI+PV10SSLI+PV1SSES+PV2SSES+PV4SSES+PV6SSES+PV7SSES+PV9SSES+PV10SSES
23,False,True,False,False,True,['PV10SCED'],[],"[0.000e+00 2.342e-01 4.249e-01 9.616e-01 1.676e-01 2.528e-01 6.850e-01
 2.876e-01 9.590e-02 0.000e+00 1.370e-01 4.889e-01 3.733e-01 8.640e-02
 3.338e-01 9.627e-01 9.434e-01 1.676e-01 1.670e-02 9.407e-01 4.919e-01
 7.150e-02 1.660e-01 4.894e-01 8.580e-02 4.037e-01 7.000e-04 3.108e-01
 2.250e-02 6.730e-02 1.515e-01 5.539e-01 3.490e-01 6.371e-01 4.031e-01
 2.412e-01 8.468e-01 2.146e-01 5.171e-01 6.010e-01 9.785e-01 9.004e-01
 5.300e-03 6.730e-02 2.847e-01 2.439e-01 8.400e-03 7.317e-01 5.173e-01
 4.000e-04 4.032e-01 2.616e-01 1.508e-01 5.886e-01 8.833e-01 1.189e-01
 2.022e-01 2.679e-01 9.900e-03 2.828e-01 3.197e-01 8.749e-01 2.563e-01
 2.030e-01 3.485e-01 8.204e-01 2.835e-01 1.140e-02 2.118e-01 1.896e-01
 3.980e-02 6.652e-01 1.249e-01 8.202e-01 8.470e-01 7.540e-02 9.948e-01
 8.130e-02]",0.8038,0.0,MATH~PV1READ+PV2READ+PV4READ+PV5READ+PV6READ+PV7READ+PV8READ+PV10READ+PV1SCIE+PV2SCIE+PV4SCIE+PV5SCIE+PV6SCIE+PV7SCIE+PV8SCIE+PV9SCIE+PV10SCIE+PV2SCEP+PV3SCEP+PV5SCEP+PV6SCEP+PV7SCEP+PV8SCEP+PV9SCEP+PV10SCEP+PV1SCED+PV3SCED+PV4SCED+PV5SCED+PV6SCED+PV7SCED+PV8SCED+PV9SCED+PV10SCED+PV1SCID+PV4SCID+PV6SCID+PV7SCID+PV8SCID+PV1SKCO+PV2SKCO+PV3SKCO+PV4SKCO+PV5SKCO+PV6SKCO+PV7SKCO+PV9SKCO+PV1SKPE+PV3SKPE+PV5SKPE+PV6SKPE+PV7SKPE+PV8SKPE+PV10SKPE+PV1SSPH+PV2SSPH+PV3SSPH+PV4SSPH+PV5SSPH+PV6SSPH+PV7SSPH+PV8SSPH+PV9SSPH+PV10SSPH+PV1SSLI+PV2SSLI+PV3SSLI+PV7SSLI+PV8SSLI+PV10SSLI+PV1SSES+PV2SSES+PV4SSES+PV6SSES+PV7SSES+PV9SSES+PV10SSES
24,False,True,False,False,True,"['PV10SCEP', 'PV10SCED']",[],"[0.000e+00 2.739e-01 4.660e-01 9.417e-01 1.816e-01 2.922e-01 7.087e-01
 3.142e-01 1.021e-01 0.000e+00 1.244e-01 5.152e-01 3.626e-01 1.040e-01
 3.613e-01 9.314e-01 9.001e-01 1.726e-01 1.940e-02 9.573e-01 5.684e-01
 7.890e-02 2.012e-01 5.221e-01 6.160e-02 3.906e-01 6.000e-04 2.846e-01
 1.830e-02 9.310e-02 1.299e-01 5.546e-01 2.796e-01 6.956e-01 3.480e-01
 2.381e-01 8.272e-01 2.564e-01 5.608e-01 5.680e-01 8.407e-01 8.975e-01
 4.700e-03 6.740e-02 3.245e-01 1.230e-02 8.645e-01 4.746e-01 3.000e-04
 4.474e-01 5.573e-01 2.113e-01 6.079e-01 9.319e-01 1.074e-01 1.778e-01
 2.823e-01 9.000e-03 3.193e-01 2.652e-01 9.254e-01 2.432e-01 2.059e-01
 2.808e-01 8.298e-01 3.034e-01 1.160e-02 1.978e-01 1.396e-01 4.910e-02
 6.198e-01 1.135e-01 9.076e-01 8.316e-01 7.310e-02 9.573e-01 8.410e-02]",0.8037,0.0,MATH~PV1READ+PV2READ+PV4READ+PV5READ+PV6READ+PV7READ+PV8READ+PV10READ+PV1SCIE+PV2SCIE+PV4SCIE+PV5SCIE+PV6SCIE+PV7SCIE+PV8SCIE+PV9SCIE+PV10SCIE+PV2SCEP+PV3SCEP+PV5SCEP+PV6SCEP+PV7SCEP+PV8SCEP+PV9SCEP+PV10SCEP+PV1SCED+PV3SCED+PV4SCED+PV5SCED+PV6SCED+PV7SCED+PV8SCED+PV9SCED+PV10SCED+PV1SCID+PV4SCID+PV6SCID+PV7SCID+PV8SCID+PV1SKCO+PV2SKCO+PV3SKCO+PV4SKCO+PV5SKCO+PV7SKCO+PV9SKCO+PV1SKPE+PV3SKPE+PV5SKPE+PV6SKPE+PV7SKPE+PV8SKPE+PV10SKPE+PV1SSPH+PV2SSPH+PV3SSPH+PV4SSPH+PV5SSPH+PV6SSPH+PV7SSPH+PV8SSPH+PV9SSPH+PV10SSPH+PV1SSLI+PV2SSLI+PV3SSLI+PV7SSLI+PV8SSLI+PV10SSLI+PV1SSES+PV2SSES+PV4SSES+PV6SSES+PV7SSES+PV9SSES+PV10SSES
25,False,True,False,False,True,"['PV10SCEP', 'PV10SCED']",[],"[0.000e+00 2.730e-01 4.610e-01 9.431e-01 1.817e-01 2.902e-01 7.138e-01
 3.153e-01 1.006e-01 0.000e+00 1.190e-01 5.160e-01 3.635e-01 1.028e-01
 3.564e-01 9.225e-01 8.894e-01 1.713e-01 1.870e-02 9.609e-01 5.726e-01
 7.760e-02 2.029e-01 5.240e-01 6.140e-02 3.929e-01 6.000e-04 2.845e-01
 1.660e-02 9.340e-02 1.296e-01 5.554e-01 2.826e-01 6.856e-01 3.456e-01
 2.386e-01 8.295e-01 2.584e-01 5.633e-01 5.611e-01 8.360e-01 4.700e-03
 6.310e-02 3.206e-01 1.230e-02 8.605e-01 4.736e-01 3.000e-04 4.420e-01
 5.521e-01 2.123e-01 6.090e-01 9.257e-01 1.055e-01 1.791e-01 2.820e-01
 8.600e-03 3.221e-01 2.618e-01 9.256e-01 2.442e-01 2.059e-01 2.796e-01
 8.254e-01 3.017e-01 1.140e-02 1.959e-01 1.357e-01 4.920e-02 6.199e-01
 1.128e-01 9.051e-01 8.326e-01 7.150e-02 9.595e-01 8.400e-02]",0.8041,0.0,MATH~PV1READ+PV2READ+PV4READ+PV5READ+PV6READ+PV7READ+PV8READ+PV10READ+PV1SCIE+PV2SCIE+PV4SCIE+PV5SCIE+PV6SCIE+PV7SCIE+PV8SCIE+PV9SCIE+PV10SCIE+PV2SCEP+PV3SCEP+PV5SCEP+PV6SCEP+PV7SCEP+PV8SCEP+PV9SCEP+PV10SCEP+PV1SCED+PV3SCED+PV4SCED+PV5SCED+PV6SCED+PV7SCED+PV8SCED+PV9SCED+PV10SCED+PV1SCID+PV4SCID+PV6SCID+PV7SCID+PV8SCID+PV1SKCO+PV3SKCO+PV4SKCO+PV5SKCO+PV7SKCO+PV9SKCO+PV1SKPE+PV3SKPE+PV5SKPE+PV6SKPE+PV7SKPE+PV8SKPE+PV10SKPE+PV1SSPH+PV2SSPH+PV3SSPH+PV4SSPH+PV5SSPH+PV6SSPH+PV7SSPH+PV8SSPH+PV9SSPH+PV10SSPH+PV1SSLI+PV2SSLI+PV3SSLI+PV7SSLI+PV8SSLI+PV10SSLI+PV1SSES+PV2SSES+PV4SSES+PV6SSES+PV7SSES+PV9SSES+PV10SSES
26,False,True,False,False,True,"['PV10SCEP', 'PV10SCED']",[],"[0.000e+00 2.647e-01 4.655e-01 7.268e-01 1.711e-01 2.869e-01 7.250e-01
 3.241e-01 7.330e-02 0.000e+00 1.286e-01 3.598e-01 1.058e-01 3.684e-01
 8.993e-01 9.156e-01 1.406e-01 1.990e-02 9.340e-01 5.776e-01 7.980e-02
 1.938e-01 4.935e-01 6.440e-02 3.801e-01 5.000e-04 2.918e-01 1.400e-02
 1.019e-01 1.254e-01 5.306e-01 2.663e-01 6.509e-01 3.426e-01 2.417e-01
 8.381e-01 2.683e-01 5.718e-01 5.880e-01 7.871e-01 4.800e-03 6.590e-02
 3.084e-01 1.360e-02 8.261e-01 4.336e-01 3.000e-04 4.582e-01 5.749e-01
 2.350e-01 6.174e-01 9.279e-01 9.520e-02 1.870e-01 2.829e-01 7.800e-03
 3.067e-01 2.466e-01 9.112e-01 2.291e-01 2.020e-01 2.764e-01 8.132e-01
 3.048e-01 1.100e-02 2.135e-01 1.414e-01 5.040e-02 5.842e-01 1.222e-01
 8.870e-01 8.437e-01 7.380e-02 9.300e-01 7.980e-02]",0.8043,0.0,MATH~PV1READ+PV2READ+PV4READ+PV5READ+PV6READ+PV7READ+PV8READ+PV10READ+PV1SCIE+PV2SCIE+PV5SCIE+PV6SCIE+PV7SCIE+PV8SCIE+PV9SCIE+PV10SCIE+PV2SCEP+PV3SCEP+PV5SCEP+PV6SCEP+PV7SCEP+PV8SCEP+PV9SCEP+PV10SCEP+PV1SCED+PV3SCED+PV4SCED+PV5SCED+PV6SCED+PV7SCED+PV8SCED+PV9SCED+PV10SCED+PV1SCID+PV4SCID+PV6SCID+PV7SCID+PV8SCID+PV1SKCO+PV3SKCO+PV4SKCO+PV5SKCO+PV7SKCO+PV9SKCO+PV1SKPE+PV3SKPE+PV5SKPE+PV6SKPE+PV7SKPE+PV8SKPE+PV10SKPE+PV1SSPH+PV2SSPH+PV3SSPH+PV4SSPH+PV5SSPH+PV6SSPH+PV7SSPH+PV8SSPH+PV9SSPH+PV10SSPH+PV1SSLI+PV2SSLI+PV3SSLI+PV7SSLI+PV8SSLI+PV10SSLI+PV1SSES+PV2SSES+PV4SSES+PV6SSES+PV7SSES+PV9SSES+PV10SSES
27,False,True,False,False,True,"['PV10SCEP', 'PV10SCED']",[],"[0.000e+00 2.660e-01 4.691e-01 7.222e-01 1.704e-01 2.885e-01 7.276e-01
 3.232e-01 7.280e-02 0.000e+00 1.281e-01 3.564e-01 1.063e-01 3.684e-01
 8.976e-01 9.187e-01 1.368e-01 1.960e-02 9.296e-01 5.792e-01 7.950e-02
 1.906e-01 4.829e-01 6.400e-02 3.781e-01 5.000e-04 2.877e-01 1.400e-02
 1.017e-01 1.241e-01 5.328e-01 2.669e-01 6.545e-01 3.404e-01 2.381e-01
 8.310e-01 2.703e-01 5.686e-01 5.937e-01 7.776e-01 4.700e-03 6.570e-02
 3.098e-01 1.350e-02 8.281e-01 4.274e-01 3.000e-04 4.596e-01 5.742e-01
 2.325e-01 6.191e-01 9.348e-01 9.550e-02 1.872e-01 2.846e-01 7.800e-03
 3.054e-01 2.381e-01 2.238e-01 2.029e-01 2.785e-01 8.099e-01 3.038e-01
 1.080e-02 1.754e-01 1.369e-01 4.790e-02 5.897e-01 1.218e-01 8.896e-01
 8.381e-01 6.480e-02 9.335e-01 8.000e-02]",0.8047,0.0,MATH~PV1READ+PV2READ+PV4READ+PV5READ+PV6READ+PV7READ+PV8READ+PV10READ+PV1SCIE+PV2SCIE+PV5SCIE+PV6SCIE+PV7SCIE+PV8SCIE+PV9SCIE+PV10SCIE+PV2SCEP+PV3SCEP+PV5SCEP+PV6SCEP+PV7SCEP+PV8SCEP+PV9SCEP+PV10SCEP+PV1SCED+PV3SCED+PV4SCED+PV5SCED+PV6SCED+PV7SCED+PV8SCED+PV9SCED+PV10SCED+PV1SCID+PV4SCID+PV6SCID+PV7SCID+PV8SCID+PV1SKCO+PV3SKCO+PV4SKCO+PV5SKCO+PV7SKCO+PV9SKCO+PV1SKPE+PV3SKPE+PV5SKPE+PV6SKPE+PV7SKPE+PV8SKPE+PV10SKPE+PV1SSPH+PV2SSPH+PV3SSPH+PV4SSPH+PV5SSPH+PV6SSPH+PV8SSPH+PV9SSPH+PV10SSPH+PV1SSLI+PV2SSLI+PV3SSLI+PV7SSLI+PV8SSLI+PV10SSLI+PV1SSES+PV2SSES+PV4SSES+PV6SSES+PV7SSES+PV9SSES+PV10SSES
28,False,True,False,False,True,"['PV10SCEP', 'PV10SCED']",[],"[0.000e+00 2.802e-01 4.461e-01 6.768e-01 1.786e-01 2.719e-01 3.047e-01
 7.780e-02 0.000e+00 1.284e-01 3.576e-01 9.790e-02 4.062e-01 8.884e-01
 9.352e-01 1.416e-01 1.920e-02 9.251e-01 5.890e-01 7.960e-02 1.922e-01
 4.818e-01 5.990e-02 3.681e-01 5.000e-04 2.926e-01 1.250e-02 1.022e-01
 1.262e-01 5.377e-01 2.613e-01 6.620e-01 3.323e-01 2.244e-01 8.405e-01
 2.733e-01 5.579e-01 5.919e-01 7.833e-01 4.700e-03 6.210e-02 3.077e-01
 1.330e-02 8.091e-01 4.315e-01 3.000e-04 4.620e-01 5.750e-01 2.348e-01
 5.902e-01 9.372e-01 8.870e-02 1.878e-01 2.835e-01 7.600e-03 3.039e-01
 2.453e-01 2.273e-01 2.089e-01 2.864e-01 8.163e-01 3.051e-01 1.090e-02
 1.789e-01 1.363e-01 4.750e-02 5.649e-01 1.195e-01 9.158e-01 8.422e-01
 6.530e-02 9.598e-01 8.450e-02]",0.805,0.0,MATH~PV1READ+PV2READ+PV4READ+PV5READ+PV6READ+PV8READ+PV10READ+PV1SCIE+PV2SCIE+PV5SCIE+PV6SCIE+PV7SCIE+PV8SCIE+PV9SCIE+PV10SCIE+PV2SCEP+PV3SCEP+PV5SCEP+PV6SCEP+PV7SCEP+PV8SCEP+PV9SCEP+PV10SCEP+PV1SCED+PV3SCED+PV4SCED+PV5SCED+PV6SCED+PV7SCED+PV8SCED+PV9SCED+PV10SCED+PV1SCID+PV4SCID+PV6SCID+PV7SCID+PV8SCID+PV1SKCO+PV3SKCO+PV4SKCO+PV5SKCO+PV7SKCO+PV9SKCO+PV1SKPE+PV3SKPE+PV5SKPE+PV6SKPE+PV7SKPE+PV8SKPE+PV10SKPE+PV1SSPH+PV2SSPH+PV3SSPH+PV4SSPH+PV5SSPH+PV6SSPH+PV8SSPH+PV9SSPH+PV10SSPH+PV1SSLI+PV2SSLI+PV3SSLI+PV7SSLI+PV8SSLI+PV10SSLI+PV1SSES+PV2SSES+PV4SSES+PV6SSES+PV7SSES+PV9SSES+PV10SSES
29,False,True,False,False,True,"['PV10SCEP', 'PV10SCED']",[],"[0.000e+00 2.593e-01 4.571e-01 6.785e-01 1.477e-01 3.025e-01 2.867e-01
 8.440e-02 0.000e+00 1.341e-01 3.072e-01 1.010e-01 4.675e-01 9.065e-01
 9.466e-01 1.256e-01 2.320e-02 9.795e-01 6.573e-01 7.030e-02 1.914e-01
 4.917e-01 6.220e-02 3.730e-01 6.000e-04 3.300e-01 1.510e-02 1.251e-01
 1.275e-01 4.971e-01 2.479e-01 6.568e-01 3.003e-01 1.972e-01 8.695e-01
 2.872e-01 6.123e-01 5.437e-01 7.398e-01 4.800e-03 7.720e-02 3.410e-01
 1.120e-02 7.973e-01 3.952e-01 3.000e-04 5.120e-01 5.771e-01 1.890e-01
 5.781e-01 9.817e-01 9.320e-02 2.174e-01 2.564e-01 1.100e-02 2.435e-01
 1.882e-01 2.219e-01 3.509e-01 7.809e-01 3.704e-01 1.060e-02 1.529e-01
 1.033e-01 3.930e-02 5.742e-01 1.168e-01 9.074e-01 7.775e-01 5.710e-02
 9.718e-01 1.058e-01]",0.8048,0.0,MATH~PV1READ+PV2READ+PV4READ+PV5READ+PV6READ+PV8READ+PV10READ+PV1SCIE+PV2SCIE+PV5SCIE+PV6SCIE+PV7SCIE+PV8SCIE+PV9SCIE+PV10SCIE+PV2SCEP+PV3SCEP+PV5SCEP+PV6SCEP+PV7SCEP+PV8SCEP+PV9SCEP+PV10SCEP+PV1SCED+PV3SCED+PV4SCED+PV5SCED+PV6SCED+PV7SCED+PV8SCED+PV9SCED+PV10SCED+PV1SCID+PV4SCID+PV6SCID+PV7SCID+PV8SCID+PV1SKCO+PV3SKCO+PV4SKCO+PV5SKCO+PV7SKCO+PV9SKCO+PV1SKPE+PV3SKPE+PV5SKPE+PV6SKPE+PV7SKPE+PV8SKPE+PV10SKPE+PV1SSPH+PV2SSPH+PV3SSPH+PV4SSPH+PV5SSPH+PV8SSPH+PV9SSPH+PV10SSPH+PV1SSLI+PV2SSLI+PV3SSLI+PV7SSLI+PV8SSLI+PV10SSLI+PV1SSES+PV2SSES+PV4SSES+PV6SSES+PV7SSES+PV9SSES+PV10SSES
30,False,True,False,False,True,"['PV10SCEP', 'PV10SCED']",[],"[0.000e+00 2.615e-01 4.335e-01 6.362e-01 1.424e-01 3.649e-01 3.157e-01
 6.870e-02 0.000e+00 1.416e-01 3.071e-01 1.311e-01 4.997e-01 8.528e-01
 9.814e-01 1.341e-01 2.950e-02 8.861e-01 5.489e-01 1.039e-01 3.765e-01
 7.690e-02 3.571e-01 8.000e-04 2.800e-01 1.420e-02 6.750e-02 1.245e-01
 7.014e-01 2.472e-01 5.833e-01 2.970e-01 1.864e-01 9.572e-01 3.705e-01
 9.728e-01 5.849e-01 8.055e-01 4.300e-03 7.190e-02 3.860e-01 9.500e-03
 7.645e-01 5.075e-01 3.000e-04 5.953e-01 5.702e-01 1.932e-01 5.585e-01
 9.923e-01 9.620e-02 2.328e-01 2.356e-01 8.700e-03 2.438e-01 2.042e-01
 2.523e-01 3.930e-01 7.779e-01 3.938e-01 9.500e-03 1.506e-01 1.140e-01
 3.430e-02 5.516e-01 8.560e-02 8.145e-01 7.852e-01 5.080e-02 9.742e-01
 1.123e-01]",0.8046,0.0,MATH~PV1READ+PV2READ+PV4READ+PV5READ+PV6READ+PV8READ+PV10READ+PV1SCIE+PV2SCIE+PV5SCIE+PV6SCIE+PV7SCIE+PV8SCIE+PV9SCIE+PV10SCIE+PV2SCEP+PV3SCEP+PV5SCEP+PV6SCEP+PV8SCEP+PV9SCEP+PV10SCEP+PV1SCED+PV3SCED+PV4SCED+PV5SCED+PV6SCED+PV7SCED+PV8SCED+PV9SCED+PV10SCED+PV1SCID+PV4SCID+PV6SCID+PV7SCID+PV8SCID+PV1SKCO+PV3SKCO+PV4SKCO+PV5SKCO+PV7SKCO+PV9SKCO+PV1SKPE+PV3SKPE+PV5SKPE+PV6SKPE+PV7SKPE+PV8SKPE+PV10SKPE+PV1SSPH+PV2SSPH+PV3SSPH+PV4SSPH+PV5SSPH+PV8SSPH+PV9SSPH+PV10SSPH+PV1SSLI+PV2SSLI+PV3SSLI+PV7SSLI+PV8SSLI+PV10SSLI+PV1SSES+PV2SSES+PV4SSES+PV6SSES+PV7SSES+PV9SSES+PV10SSES
31,False,True,False,False,True,"['PV10SCEP', 'PV10SCED']",[],"[0.000e+00 2.606e-01 4.322e-01 6.357e-01 1.417e-01 3.642e-01 3.153e-01
 6.840e-02 0.000e+00 1.411e-01 3.066e-01 1.306e-01 4.987e-01 8.524e-01
 9.820e-01 1.335e-01 2.900e-02 8.861e-01 5.482e-01 1.036e-01 3.761e-01
 7.630e-02 3.562e-01 8.000e-04 2.796e-01 1.350e-02 6.710e-02 1.241e-01
 7.012e-01 2.451e-01 5.828e-01 2.955e-01 1.857e-01 9.569e-01 3.700e-01
 9.720e-01 5.834e-01 8.049e-01 4.300e-03 7.080e-02 3.842e-01 9.300e-03
 7.642e-01 5.065e-01 3.000e-04 5.923e-01 5.696e-01 1.911e-01 5.575e-01
 9.560e-02 2.314e-01 2.324e-01 8.500e-03 2.430e-01 2.032e-01 2.512e-01
 3.908e-01 7.776e-01 3.928e-01 9.500e-03 1.480e-01 1.136e-01 3.410e-02
 5.504e-01 8.530e-02 8.139e-01 7.852e-01 5.050e-02 9.742e-01 1.110e-01]",0.805,0.0,MATH~PV1READ+PV2READ+PV4READ+PV5READ+PV6READ+PV8READ+PV10READ+PV1SCIE+PV2SCIE+PV5SCIE+PV6SCIE+PV7SCIE+PV8SCIE+PV9SCIE+PV10SCIE+PV2SCEP+PV3SCEP+PV5SCEP+PV6SCEP+PV8SCEP+PV9SCEP+PV10SCEP+PV1SCED+PV3SCED+PV4SCED+PV5SCED+PV6SCED+PV7SCED+PV8SCED+PV9SCED+PV10SCED+PV1SCID+PV4SCID+PV6SCID+PV7SCID+PV8SCID+PV1SKCO+PV3SKCO+PV4SKCO+PV5SKCO+PV7SKCO+PV9SKCO+PV1SKPE+PV3SKPE+PV5SKPE+PV6SKPE+PV7SKPE+PV8SKPE+PV1SSPH+PV2SSPH+PV3SSPH+PV4SSPH+PV5SSPH+PV8SSPH+PV9SSPH+PV10SSPH+PV1SSLI+PV2SSLI+PV3SSLI+PV7SSLI+PV8SSLI+PV10SSLI+PV1SSES+PV2SSES+PV4SSES+PV6SSES+PV7SSES+PV9SSES+PV10SSES
32,False,True,False,False,True,"['PV10SCEP', 'PV10SCED']",[],"[0.000e+00 3.040e-01 3.428e-01 5.615e-01 1.836e-01 2.621e-01 9.230e-02
 0.000e+00 1.231e-01 3.091e-01 1.084e-01 5.012e-01 5.964e-01 9.643e-01
 1.475e-01 2.790e-02 8.969e-01 5.346e-01 8.670e-02 3.887e-01 8.210e-02
 3.381e-01 8.000e-04 2.946e-01 1.340e-02 7.700e-02 1.293e-01 7.360e-01
 2.351e-01 5.779e-01 2.759e-01 1.789e-01 9.591e-01 3.371e-01 9.353e-01
 5.322e-01 8.680e-01 4.700e-03 7.620e-02 4.108e-01 9.500e-03 7.852e-01
 5.079e-01 3.000e-04 6.284e-01 5.807e-01 1.605e-01 5.832e-01 1.063e-01
 2.207e-01 2.215e-01 9.200e-03 2.380e-01 1.991e-01 2.606e-01 3.778e-01
 7.462e-01 3.682e-01 1.240e-02 1.459e-01 1.073e-01 3.790e-02 5.479e-01
 8.200e-02 8.290e-01 8.643e-01 5.410e-02 9.288e-01 1.065e-01]",0.805,0.0,MATH~PV1READ+PV2READ+PV4READ+PV5READ+PV6READ+PV10READ+PV1SCIE+PV2SCIE+PV5SCIE+PV6SCIE+PV7SCIE+PV8SCIE+PV9SCIE+PV10SCIE+PV2SCEP+PV3SCEP+PV5SCEP+PV6SCEP+PV8SCEP+PV9SCEP+PV10SCEP+PV1SCED+PV3SCED+PV4SCED+PV5SCED+PV6SCED+PV7SCED+PV8SCED+PV9SCED+PV10SCED+PV1SCID+PV4SCID+PV6SCID+PV7SCID+PV8SCID+PV1SKCO+PV3SKCO+PV4SKCO+PV5SKCO+PV7SKCO+PV9SKCO+PV1SKPE+PV3SKPE+PV5SKPE+PV6SKPE+PV7SKPE+PV8SKPE+PV1SSPH+PV2SSPH+PV3SSPH+PV4SSPH+PV5SSPH+PV8SSPH+PV9SSPH+PV10SSPH+PV1SSLI+PV2SSLI+PV3SSLI+PV7SSLI+PV8SSLI+PV10SSLI+PV1SSES+PV2SSES+PV4SSES+PV6SSES+PV7SSES+PV9SSES+PV10SSES
33,False,True,False,False,True,"['PV10SCEP', 'PV10SCED']",[],"[0.000e+00 2.993e-01 3.398e-01 5.604e-01 1.781e-01 2.589e-01 9.050e-02
 0.000e+00 1.220e-01 3.048e-01 1.079e-01 5.064e-01 5.935e-01 9.687e-01
 1.391e-01 2.780e-02 5.305e-01 8.640e-02 3.774e-01 8.270e-02 3.344e-01
 8.000e-04 2.694e-01 1.330e-02 7.530e-02 1.290e-01 7.244e-01 2.327e-01
 5.770e-01 2.757e-01 1.786e-01 9.494e-01 3.308e-01 9.405e-01 5.388e-01
 8.748e-01 4.200e-03 7.670e-02 4.028e-01 9.100e-03 7.814e-01 5.100e-01
 3.000e-04 6.198e-01 5.832e-01 1.590e-01 5.870e-01 1.057e-01 2.189e-01
 2.133e-01 9.000e-03 2.389e-01 1.941e-01 2.590e-01 3.789e-01 7.440e-01
 3.718e-01 1.110e-02 1.450e-01 1.056e-01 3.800e-02 5.503e-01 7.910e-02
 8.290e-01 8.709e-01 5.430e-02 9.200e-01 1.065e-01]",0.8053,0.0,MATH~PV1READ+PV2READ+PV4READ+PV5READ+PV6READ+PV10READ+PV1SCIE+PV2SCIE+PV5SCIE+PV6SCIE+PV7SCIE+PV8SCIE+PV9SCIE+PV10SCIE+PV2SCEP+PV5SCEP+PV6SCEP+PV8SCEP+PV9SCEP+PV10SCEP+PV1SCED+PV3SCED+PV4SCED+PV5SCED+PV6SCED+PV7SCED+PV8SCED+PV9SCED+PV10SCED+PV1SCID+PV4SCID+PV6SCID+PV7SCID+PV8SCID+PV1SKCO+PV3SKCO+PV4SKCO+PV5SKCO+PV7SKCO+PV9SKCO+PV1SKPE+PV3SKPE+PV5SKPE+PV6SKPE+PV7SKPE+PV8SKPE+PV1SSPH+PV2SSPH+PV3SSPH+PV4SSPH+PV5SSPH+PV8SSPH+PV9SSPH+PV10SSPH+PV1SSLI+PV2SSLI+PV3SSLI+PV7SSLI+PV8SSLI+PV10SSLI+PV1SSES+PV2SSES+PV4SSES+PV6SSES+PV7SSES+PV9SSES+PV10SSES
34,False,True,False,False,True,['PV10SCED'],[],"[0.000e+00 2.649e-01 3.976e-01 5.463e-01 1.937e-01 2.783e-01 8.570e-02
 0.000e+00 1.046e-01 3.117e-01 1.221e-01 4.978e-01 5.756e-01 9.932e-01
 1.286e-01 3.150e-02 5.275e-01 9.510e-02 4.091e-01 1.032e-01 2.910e-01
 2.100e-03 2.831e-01 1.600e-02 8.770e-02 1.426e-01 6.058e-01 2.266e-01
 5.250e-01 1.989e-01 8.214e-01 2.850e-01 7.874e-01 4.658e-01 8.622e-01
 2.600e-03 6.500e-02 4.900e-01 1.330e-02 7.275e-01 5.079e-01 2.000e-04
 7.813e-01 6.544e-01 2.263e-01 5.885e-01 8.950e-02 1.963e-01 2.294e-01
 1.080e-02 2.133e-01 2.486e-01 2.771e-01 3.895e-01 6.552e-01 3.813e-01
 1.070e-02 1.046e-01 1.375e-01 3.120e-02 5.922e-01 7.600e-02 9.058e-01
 7.694e-01 5.640e-02 9.286e-01 8.940e-02]",0.805,0.0,MATH~PV1READ+PV2READ+PV4READ+PV5READ+PV6READ+PV10READ+PV1SCIE+PV2SCIE+PV5SCIE+PV6SCIE+PV7SCIE+PV8SCIE+PV9SCIE+PV10SCIE+PV2SCEP+PV5SCEP+PV6SCEP+PV8SCEP+PV9SCEP+PV10SCEP+PV1SCED+PV3SCED+PV4SCED+PV5SCED+PV6SCED+PV7SCED+PV8SCED+PV9SCED+PV10SCED+PV4SCID+PV6SCID+PV7SCID+PV8SCID+PV1SKCO+PV3SKCO+PV4SKCO+PV5SKCO+PV7SKCO+PV9SKCO+PV1SKPE+PV3SKPE+PV5SKPE+PV6SKPE+PV7SKPE+PV8SKPE+PV1SSPH+PV2SSPH+PV3SSPH+PV4SSPH+PV5SSPH+PV8SSPH+PV9SSPH+PV10SSPH+PV1SSLI+PV2SSLI+PV3SSLI+PV7SSLI+PV8SSLI+PV10SSLI+PV1SSES+PV2SSES+PV4SSES+PV6SSES+PV7SSES+PV9SSES+PV10SSES
35,False,True,False,False,True,"['PV10SCEP', 'PV10SCED']",[],"[0.000e+00 2.115e-01 4.894e-01 6.119e-01 1.960e-01 3.278e-01 2.132e-01
 0.000e+00 1.374e-01 2.639e-01 1.224e-01 4.515e-01 6.129e-01 9.306e-01
 3.840e-02 5.039e-01 1.279e-01 4.128e-01 1.139e-01 2.880e-01 3.100e-03
 3.292e-01 1.820e-02 8.650e-02 1.533e-01 6.097e-01 2.117e-01 6.146e-01
 1.953e-01 8.082e-01 2.589e-01 8.339e-01 4.871e-01 9.767e-01 3.300e-03
 7.280e-02 4.581e-01 1.390e-02 6.733e-01 5.848e-01 3.000e-04 8.331e-01
 6.069e-01 2.484e-01 6.366e-01 9.150e-02 1.868e-01 2.494e-01 1.250e-02
 2.071e-01 2.831e-01 2.490e-01 4.821e-01 5.360e-01 3.817e-01 9.000e-03
 1.070e-01 1.618e-01 3.060e-02 6.205e-01 7.160e-02 9.247e-01 7.729e-01
 5.450e-02 9.657e-01 1.004e-01]",0.8045,0.0,MATH~PV1READ+PV2READ+PV4READ+PV5READ+PV6READ+PV10READ+PV1SCIE+PV2SCIE+PV5SCIE+PV6SCIE+PV7SCIE+PV8SCIE+PV9SCIE+PV2SCEP+PV5SCEP+PV6SCEP+PV8SCEP+PV9SCEP+PV10SCEP+PV1SCED+PV3SCED+PV4SCED+PV5SCED+PV6SCED+PV7SCED+PV8SCED+PV9SCED+PV10SCED+PV4SCID+PV6SCID+PV7SCID+PV8SCID+PV1SKCO+PV3SKCO+PV4SKCO+PV5SKCO+PV7SKCO+PV9SKCO+PV1SKPE+PV3SKPE+PV5SKPE+PV6SKPE+PV7SKPE+PV8SKPE+PV1SSPH+PV2SSPH+PV3SSPH+PV4SSPH+PV5SSPH+PV8SSPH+PV9SSPH+PV10SSPH+PV1SSLI+PV2SSLI+PV3SSLI+PV7SSLI+PV8SSLI+PV10SSLI+PV1SSES+PV2SSES+PV4SSES+PV6SSES+PV7SSES+PV9SSES+PV10SSES
36,False,True,False,False,True,"['PV10SCEP', 'PV10SCED']",[],"[0.000e+00 2.099e-01 4.873e-01 6.125e-01 1.958e-01 3.256e-01 2.097e-01
 0.000e+00 1.368e-01 2.635e-01 1.211e-01 4.507e-01 6.081e-01 9.310e-01
 3.800e-02 4.994e-01 1.256e-01 4.118e-01 1.129e-01 2.877e-01 2.900e-03
 3.270e-01 1.720e-02 8.530e-02 1.516e-01 6.076e-01 2.115e-01 6.153e-01
 1.951e-01 8.100e-01 2.587e-01 8.330e-01 4.874e-01 9.740e-01 3.300e-03
 7.250e-02 4.580e-01 1.350e-02 6.737e-01 5.840e-01 3.000e-04 8.325e-01
 6.065e-01 2.422e-01 6.366e-01 9.130e-02 1.865e-01 2.491e-01 1.230e-02
 2.064e-01 2.784e-01 1.890e-01 4.823e-01 5.346e-01 3.759e-01 8.900e-03
 1.061e-01 1.578e-01 2.950e-02 6.213e-01 7.000e-02 9.254e-01 7.744e-01
 5.080e-02 9.450e-02]",0.8049,0.0,MATH~PV1READ+PV2READ+PV4READ+PV5READ+PV6READ+PV10READ+PV1SCIE+PV2SCIE+PV5SCIE+PV6SCIE+PV7SCIE+PV8SCIE+PV9SCIE+PV2SCEP+PV5SCEP+PV6SCEP+PV8SCEP+PV9SCEP+PV10SCEP+PV1SCED+PV3SCED+PV4SCED+PV5SCED+PV6SCED+PV7SCED+PV8SCED+PV9SCED+PV10SCED+PV4SCID+PV6SCID+PV7SCID+PV8SCID+PV1SKCO+PV3SKCO+PV4SKCO+PV5SKCO+PV7SKCO+PV9SKCO+PV1SKPE+PV3SKPE+PV5SKPE+PV6SKPE+PV7SKPE+PV8SKPE+PV1SSPH+PV2SSPH+PV3SSPH+PV4SSPH+PV5SSPH+PV8SSPH+PV9SSPH+PV10SSPH+PV1SSLI+PV2SSLI+PV3SSLI+PV7SSLI+PV8SSLI+PV10SSLI+PV1SSES+PV2SSES+PV4SSES+PV6SSES+PV7SSES+PV10SSES
37,False,True,False,False,True,"['PV10SCEP', 'PV10SCED']",[],"[0.000e+00 2.118e-01 4.881e-01 6.223e-01 1.954e-01 3.300e-01 2.281e-01
 0.000e+00 1.406e-01 2.602e-01 1.221e-01 4.475e-01 5.974e-01 9.344e-01
 3.930e-02 4.768e-01 1.319e-01 3.971e-01 1.087e-01 2.940e-01 3.100e-03
 3.227e-01 1.710e-02 8.220e-02 1.554e-01 6.229e-01 2.168e-01 6.089e-01
 2.011e-01 7.947e-01 2.636e-01 8.397e-01 5.016e-01 9.779e-01 2.900e-03
 7.580e-02 4.340e-01 1.140e-02 6.088e-01 3.000e-04 8.132e-01 6.314e-01
 2.265e-01 6.257e-01 9.500e-02 1.898e-01 2.501e-01 1.190e-02 2.034e-01
 2.783e-01 2.003e-01 4.994e-01 5.302e-01 3.694e-01 8.800e-03 9.560e-02
 1.536e-01 3.050e-02 6.331e-01 6.780e-02 9.094e-01 7.589e-01 5.280e-02
 9.710e-02]",0.8052,0.0,MATH~PV1READ+PV2READ+PV4READ+PV5READ+PV6READ+PV10READ+PV1SCIE+PV2SCIE+PV5SCIE+PV6SCIE+PV7SCIE+PV8SCIE+PV9SCIE+PV2SCEP+PV5SCEP+PV6SCEP+PV8SCEP+PV9SCEP+PV10SCEP+PV1SCED+PV3SCED+PV4SCED+PV5SCED+PV6SCED+PV7SCED+PV8SCED+PV9SCED+PV10SCED+PV4SCID+PV6SCID+PV7SCID+PV8SCID+PV1SKCO+PV3SKCO+PV4SKCO+PV5SKCO+PV7SKCO+PV1SKPE+PV3SKPE+PV5SKPE+PV6SKPE+PV7SKPE+PV8SKPE+PV1SSPH+PV2SSPH+PV3SSPH+PV4SSPH+PV5SSPH+PV8SSPH+PV9SSPH+PV10SSPH+PV1SSLI+PV2SSLI+PV3SSLI+PV7SSLI+PV8SSLI+PV10SSLI+PV1SSES+PV2SSES+PV4SSES+PV6SSES+PV7SSES+PV10SSES
38,False,True,False,False,True,[],[],"[0.000e+00 2.341e-01 5.581e-01 6.739e-01 2.285e-01 3.306e-01 2.081e-01
 0.000e+00 1.531e-01 3.508e-01 1.211e-01 3.837e-01 6.060e-01 9.787e-01
 4.450e-02 4.748e-01 1.599e-01 4.453e-01 1.557e-01 5.682e-01 2.000e-03
 3.292e-01 1.760e-02 7.740e-02 2.236e-01 4.944e-01 2.321e-01 5.389e-01
 7.489e-01 2.248e-01 6.630e-01 4.841e-01 9.090e-01 2.000e-03 8.070e-02
 3.744e-01 1.060e-02 5.767e-01 1.000e-04 7.839e-01 6.744e-01 2.014e-01
 7.402e-01 1.097e-01 1.723e-01 2.437e-01 8.900e-03 1.976e-01 2.786e-01
 1.607e-01 5.884e-01 4.439e-01 3.486e-01 1.010e-02 9.830e-02 1.417e-01
 2.680e-02 7.495e-01 6.710e-02 7.889e-01 7.679e-01 4.670e-02 1.025e-01]",0.805,0.0,MATH~PV1READ+PV2READ+PV4READ+PV5READ+PV6READ+PV10READ+PV1SCIE+PV2SCIE+PV5SCIE+PV6SCIE+PV7SCIE+PV8SCIE+PV9SCIE+PV2SCEP+PV5SCEP+PV6SCEP+PV8SCEP+PV9SCEP+PV10SCEP+PV1SCED+PV3SCED+PV4SCED+PV5SCED+PV6SCED+PV7SCED+PV8SCED+PV9SCED+PV4SCID+PV6SCID+PV7SCID+PV8SCID+PV1SKCO+PV3SKCO+PV4SKCO+PV5SKCO+PV7SKCO+PV1SKPE+PV3SKPE+PV5SKPE+PV6SKPE+PV7SKPE+PV8SKPE+PV1SSPH+PV2SSPH+PV3SSPH+PV4SSPH+PV5SSPH+PV8SSPH+PV9SSPH+PV10SSPH+PV1SSLI+PV2SSLI+PV3SSLI+PV7SSLI+PV8SSLI+PV10SSLI+PV1SSES+PV2SSES+PV4SSES+PV6SSES+PV7SSES+PV10SSES
39,False,True,False,False,True,[],[],"[0.000e+00 2.504e-01 5.666e-01 6.628e-01 2.072e-01 3.283e-01 2.012e-01
 0.000e+00 1.423e-01 3.312e-01 1.042e-01 5.917e-01 9.895e-01 3.850e-02
 4.873e-01 1.606e-01 4.417e-01 1.458e-01 5.670e-01 1.600e-03 2.938e-01
 1.810e-02 8.210e-02 2.156e-01 5.013e-01 2.229e-01 5.126e-01 7.745e-01
 2.332e-01 6.937e-01 4.712e-01 8.920e-01 2.000e-03 8.640e-02 3.759e-01
 1.170e-02 5.918e-01 1.000e-04 8.081e-01 6.855e-01 1.998e-01 7.674e-01
 1.002e-01 1.857e-01 2.353e-01 5.900e-03 2.014e-01 2.626e-01 1.479e-01
 5.907e-01 4.610e-01 3.844e-01 1.190e-02 1.017e-01 1.238e-01 2.470e-02
 7.197e-01 6.270e-02 7.949e-01 8.174e-01 3.870e-02 1.097e-01]",0.8051,0.0,MATH~PV1READ+PV2READ+PV4READ+PV5READ+PV6READ+PV10READ+PV1SCIE+PV2SCIE+PV5SCIE+PV6SCIE+PV8SCIE+PV9SCIE+PV2SCEP+PV5SCEP+PV6SCEP+PV8SCEP+PV9SCEP+PV10SCEP+PV1SCED+PV3SCED+PV4SCED+PV5SCED+PV6SCED+PV7SCED+PV8SCED+PV9SCED+PV4SCID+PV6SCID+PV7SCID+PV8SCID+PV1SKCO+PV3SKCO+PV4SKCO+PV5SKCO+PV7SKCO+PV1SKPE+PV3SKPE+PV5SKPE+PV6SKPE+PV7SKPE+PV8SKPE+PV1SSPH+PV2SSPH+PV3SSPH+PV4SSPH+PV5SSPH+PV8SSPH+PV9SSPH+PV10SSPH+PV1SSLI+PV2SSLI+PV3SSLI+PV7SSLI+PV8SSLI+PV10SSLI+PV1SSES+PV2SSES+PV4SSES+PV6SSES+PV7SSES+PV10SSES
40,False,True,False,False,True,['PV10SCEP'],[],"[0.000e+00 3.210e-01 5.715e-01 6.387e-01 2.244e-01 3.114e-01 1.720e-01
 0.000e+00 1.452e-01 3.713e-01 1.077e-01 6.288e-01 9.786e-01 4.690e-02
 4.630e-01 1.922e-01 4.292e-01 1.704e-01 5.713e-01 1.600e-03 3.192e-01
 1.960e-02 8.150e-02 2.587e-01 4.552e-01 2.249e-01 4.869e-01 7.597e-01
 2.394e-01 6.057e-01 5.191e-01 8.249e-01 2.300e-03 9.380e-02 3.770e-01
 1.390e-02 6.383e-01 1.000e-04 8.501e-01 6.394e-01 2.186e-01 8.627e-01
 8.550e-02 1.673e-01 2.719e-01 6.300e-03 1.712e-01 2.777e-01 1.245e-01
 9.571e-01 4.927e-01 5.193e-01 1.510e-02 1.002e-01 1.261e-01 6.360e-02
 5.922e-01 3.180e-02 6.909e-01 7.420e-01 4.610e-02]",0.8045,0.0,MATH~PV1READ+PV2READ+PV4READ+PV5READ+PV6READ+PV10READ+PV1SCIE+PV2SCIE+PV5SCIE+PV6SCIE+PV8SCIE+PV9SCIE+PV2SCEP+PV5SCEP+PV6SCEP+PV8SCEP+PV9SCEP+PV10SCEP+PV1SCED+PV3SCED+PV4SCED+PV5SCED+PV6SCED+PV7SCED+PV8SCED+PV9SCED+PV4SCID+PV6SCID+PV7SCID+PV8SCID+PV1SKCO+PV3SKCO+PV4SKCO+PV5SKCO+PV7SKCO+PV1SKPE+PV3SKPE+PV5SKPE+PV6SKPE+PV7SKPE+PV8SKPE+PV1SSPH+PV2SSPH+PV3SSPH+PV4SSPH+PV5SSPH+PV8SSPH+PV9SSPH+PV10SSPH+PV1SSLI+PV2SSLI+PV3SSLI+PV7SSLI+PV8SSLI+PV10SSLI+PV1SSES+PV2SSES+PV4SSES+PV6SSES+PV7SSES
41,False,True,False,False,True,['PV10SCEP'],[],"[0.000e+00 2.753e-01 7.482e-01 8.037e-01 1.505e-01 3.774e-01 0.000e+00
 1.637e-01 3.364e-01 1.303e-01 6.336e-01 9.676e-01 4.930e-02 4.954e-01
 1.942e-01 4.510e-01 1.344e-01 5.907e-01 1.700e-03 3.151e-01 2.410e-02
 8.080e-02 2.789e-01 4.378e-01 2.164e-01 5.346e-01 7.444e-01 2.094e-01
 6.486e-01 5.568e-01 8.584e-01 2.700e-03 8.070e-02 3.562e-01 1.360e-02
 6.951e-01 1.000e-04 8.130e-01 5.969e-01 2.195e-01 8.598e-01 8.990e-02
 1.719e-01 2.701e-01 6.500e-03 1.574e-01 2.753e-01 1.305e-01 9.231e-01
 5.142e-01 4.575e-01 1.300e-02 1.203e-01 1.107e-01 6.360e-02 6.165e-01
 4.270e-02 6.667e-01 7.167e-01 4.610e-02]",0.8042,0.0,MATH~PV1READ+PV2READ+PV4READ+PV5READ+PV6READ+PV1SCIE+PV2SCIE+PV5SCIE+PV6SCIE+PV8SCIE+PV9SCIE+PV2SCEP+PV5SCEP+PV6SCEP+PV8SCEP+PV9SCEP+PV10SCEP+PV1SCED+PV3SCED+PV4SCED+PV5SCED+PV6SCED+PV7SCED+PV8SCED+PV9SCED+PV4SCID+PV6SCID+PV7SCID+PV8SCID+PV1SKCO+PV3SKCO+PV4SKCO+PV5SKCO+PV7SKCO+PV1SKPE+PV3SKPE+PV5SKPE+PV6SKPE+PV7SKPE+PV8SKPE+PV1SSPH+PV2SSPH+PV3SSPH+PV4SSPH+PV5SSPH+PV8SSPH+PV9SSPH+PV10SSPH+PV1SSLI+PV2SSLI+PV3SSLI+PV7SSLI+PV8SSLI+PV10SSLI+PV1SSES+PV2SSES+PV4SSES+PV6SSES+PV7SSES
42,False,True,False,False,True,['PV10SCEP'],[],"[0.000e+00 3.178e-01 6.600e-01 7.973e-01 1.247e-01 3.623e-01 0.000e+00
 1.444e-01 3.614e-01 1.166e-01 6.554e-01 9.069e-01 4.030e-02 4.562e-01
 1.765e-01 5.332e-01 9.600e-02 6.143e-01 1.100e-03 3.759e-01 2.590e-02
 6.990e-02 2.325e-01 4.038e-01 2.104e-01 5.500e-01 7.676e-01 2.492e-01
 6.379e-01 5.894e-01 8.622e-01 2.700e-03 6.610e-02 2.898e-01 1.130e-02
 5.832e-01 2.000e-04 6.977e-01 6.595e-01 1.623e-01 9.643e-01 9.900e-02
 2.552e-01 2.696e-01 8.000e-03 1.472e-01 2.546e-01 1.447e-01 3.550e-01
 6.181e-01 6.161e-01 1.630e-02 1.976e-01 9.590e-02 5.563e-01 3.780e-02
 7.397e-01 6.965e-01 6.500e-02]",0.8033,0.0,MATH~PV1READ+PV2READ+PV4READ+PV5READ+PV6READ+PV1SCIE+PV2SCIE+PV5SCIE+PV6SCIE+PV8SCIE+PV9SCIE+PV2SCEP+PV5SCEP+PV6SCEP+PV8SCEP+PV9SCEP+PV10SCEP+PV1SCED+PV3SCED+PV4SCED+PV5SCED+PV6SCED+PV7SCED+PV8SCED+PV9SCED+PV4SCID+PV6SCID+PV7SCID+PV8SCID+PV1SKCO+PV3SKCO+PV4SKCO+PV5SKCO+PV7SKCO+PV1SKPE+PV3SKPE+PV5SKPE+PV6SKPE+PV7SKPE+PV8SKPE+PV1SSPH+PV2SSPH+PV3SSPH+PV4SSPH+PV5SSPH+PV8SSPH+PV9SSPH+PV10SSPH+PV1SSLI+PV2SSLI+PV3SSLI+PV7SSLI+PV8SSLI+PV1SSES+PV2SSES+PV4SSES+PV6SSES+PV7SSES
43,False,True,False,False,True,[],[],"[0.000e+00 2.997e-01 6.679e-01 8.233e-01 1.422e-01 4.013e-01 0.000e+00
 1.547e-01 3.844e-01 9.810e-02 6.767e-01 8.459e-01 4.080e-02 4.418e-01
 1.765e-01 5.563e-01 9.370e-02 6.028e-01 1.000e-03 3.269e-01 2.490e-02
 6.920e-02 2.745e-01 3.677e-01 2.233e-01 5.805e-01 7.979e-01 2.076e-01
 6.115e-01 5.154e-01 8.323e-01 3.300e-03 6.010e-02 3.241e-01 1.110e-02
 5.564e-01 2.000e-04 7.757e-01 7.350e-01 1.440e-01 9.447e-01 7.250e-02
 2.204e-01 5.200e-03 1.556e-01 2.851e-01 1.305e-01 2.970e-01 5.009e-01
 8.335e-01 1.060e-02 2.373e-01 9.360e-02 5.208e-01 6.750e-02 7.094e-01
 7.397e-01 7.900e-02]",0.8032,0.0,MATH~PV1READ+PV2READ+PV4READ+PV5READ+PV6READ+PV1SCIE+PV2SCIE+PV5SCIE+PV6SCIE+PV8SCIE+PV9SCIE+PV2SCEP+PV5SCEP+PV6SCEP+PV8SCEP+PV9SCEP+PV10SCEP+PV1SCED+PV3SCED+PV4SCED+PV5SCED+PV6SCED+PV7SCED+PV8SCED+PV9SCED+PV4SCID+PV6SCID+PV7SCID+PV8SCID+PV1SKCO+PV3SKCO+PV4SKCO+PV5SKCO+PV7SKCO+PV1SKPE+PV3SKPE+PV5SKPE+PV6SKPE+PV7SKPE+PV8SKPE+PV1SSPH+PV3SSPH+PV4SSPH+PV5SSPH+PV8SSPH+PV9SSPH+PV10SSPH+PV1SSLI+PV2SSLI+PV3SSLI+PV7SSLI+PV8SSLI+PV1SSES+PV2SSES+PV4SSES+PV6SSES+PV7SSES
44,False,True,False,False,True,[],[],"[0.000e+00 2.726e-01 6.336e-01 7.797e-01 1.332e-01 4.009e-01 0.000e+00
 1.453e-01 3.880e-01 1.098e-01 6.893e-01 8.179e-01 3.960e-02 4.840e-01
 2.008e-01 4.826e-01 1.008e-01 5.926e-01 8.000e-04 3.944e-01 3.050e-02
 6.130e-02 3.110e-01 3.198e-01 2.396e-01 5.288e-01 7.638e-01 2.294e-01
 6.792e-01 5.799e-01 8.100e-01 1.700e-03 6.670e-02 2.296e-01 3.680e-02
 6.635e-01 1.000e-04 6.289e-01 7.832e-01 9.824e-01 7.940e-02 1.882e-01
 6.600e-03 1.623e-01 3.167e-01 1.434e-01 2.556e-01 5.675e-01 9.349e-01
 7.500e-03 2.362e-01 1.013e-01 4.210e-01 7.280e-02 7.419e-01 7.158e-01
 6.960e-02]",0.8028,0.0,MATH~PV1READ+PV2READ+PV4READ+PV5READ+PV6READ+PV1SCIE+PV2SCIE+PV5SCIE+PV6SCIE+PV8SCIE+PV9SCIE+PV2SCEP+PV5SCEP+PV6SCEP+PV8SCEP+PV9SCEP+PV10SCEP+PV1SCED+PV3SCED+PV4SCED+PV5SCED+PV6SCED+PV7SCED+PV8SCED+PV9SCED+PV4SCID+PV6SCID+PV7SCID+PV8SCID+PV1SKCO+PV3SKCO+PV4SKCO+PV5SKCO+PV7SKCO+PV1SKPE+PV3SKPE+PV5SKPE+PV6SKPE+PV8SKPE+PV1SSPH+PV3SSPH+PV4SSPH+PV5SSPH+PV8SSPH+PV9SSPH+PV10SSPH+PV1SSLI+PV2SSLI+PV3SSLI+PV7SSLI+PV8SSLI+PV1SSES+PV2SSES+PV4SSES+PV6SSES+PV7SSES
45,False,True,False,False,True,[],[],"[0.000e+00 2.574e-01 6.330e-01 7.493e-01 1.379e-01 4.046e-01 0.000e+00
 1.507e-01 3.630e-01 1.127e-01 8.237e-01 4.050e-02 4.989e-01 2.099e-01
 4.700e-01 1.042e-01 5.989e-01 9.000e-04 3.963e-01 3.270e-02 6.120e-02
 3.211e-01 3.190e-01 2.416e-01 5.365e-01 7.534e-01 2.289e-01 6.912e-01
 5.671e-01 7.927e-01 1.700e-03 6.700e-02 2.317e-01 3.660e-02 6.706e-01
 1.000e-04 6.465e-01 7.608e-01 9.661e-01 8.430e-02 1.957e-01 6.800e-03
 1.539e-01 2.947e-01 1.380e-01 2.656e-01 5.612e-01 9.345e-01 7.500e-03
 2.236e-01 9.600e-02 4.314e-01 6.820e-02 7.369e-01 7.010e-01 6.970e-02]",0.8031,0.0,MATH~PV1READ+PV2READ+PV4READ+PV5READ+PV6READ+PV1SCIE+PV2SCIE+PV5SCIE+PV6SCIE+PV9SCIE+PV2SCEP+PV5SCEP+PV6SCEP+PV8SCEP+PV9SCEP+PV10SCEP+PV1SCED+PV3SCED+PV4SCED+PV5SCED+PV6SCED+PV7SCED+PV8SCED+PV9SCED+PV4SCID+PV6SCID+PV7SCID+PV8SCID+PV1SKCO+PV3SKCO+PV4SKCO+PV5SKCO+PV7SKCO+PV1SKPE+PV3SKPE+PV5SKPE+PV6SKPE+PV8SKPE+PV1SSPH+PV3SSPH+PV4SSPH+PV5SSPH+PV8SSPH+PV9SSPH+PV10SSPH+PV1SSLI+PV2SSLI+PV3SSLI+PV7SSLI+PV8SSLI+PV1SSES+PV2SSES+PV4SSES+PV6SSES+PV7SSES
46,False,True,False,False,True,[],[],"[0.000e+00 2.448e-01 6.530e-01 7.495e-01 1.380e-01 3.980e-01 0.000e+00
 1.488e-01 3.641e-01 1.076e-01 8.293e-01 3.890e-02 5.095e-01 2.281e-01
 4.396e-01 1.072e-01 5.997e-01 8.000e-04 3.901e-01 3.320e-02 6.410e-02
 3.344e-01 3.091e-01 2.457e-01 5.048e-01 7.644e-01 2.324e-01 7.072e-01
 5.932e-01 7.772e-01 1.300e-03 6.650e-02 2.585e-01 3.760e-02 6.929e-01
 0.000e+00 7.956e-01 9.840e-01 8.330e-02 2.030e-01 6.500e-03 1.552e-01
 2.857e-01 1.372e-01 2.554e-01 5.417e-01 9.375e-01 8.000e-03 2.159e-01
 9.750e-02 4.431e-01 6.530e-02 7.304e-01 6.987e-01 7.020e-02]",0.8034,0.0,MATH~PV1READ+PV2READ+PV4READ+PV5READ+PV6READ+PV1SCIE+PV2SCIE+PV5SCIE+PV6SCIE+PV9SCIE+PV2SCEP+PV5SCEP+PV6SCEP+PV8SCEP+PV9SCEP+PV10SCEP+PV1SCED+PV3SCED+PV4SCED+PV5SCED+PV6SCED+PV7SCED+PV8SCED+PV9SCED+PV4SCID+PV6SCID+PV7SCID+PV8SCID+PV1SKCO+PV3SKCO+PV4SKCO+PV5SKCO+PV7SKCO+PV1SKPE+PV3SKPE+PV6SKPE+PV8SKPE+PV1SSPH+PV3SSPH+PV4SSPH+PV5SSPH+PV8SSPH+PV9SSPH+PV10SSPH+PV1SSLI+PV2SSLI+PV3SSLI+PV7SSLI+PV8SSLI+PV1SSES+PV2SSES+PV4SSES+PV6SSES+PV7SSES
47,False,True,False,False,True,[],[],"[0.000e+00 2.468e-01 6.617e-01 7.309e-01 1.312e-01 3.961e-01 0.000e+00
 1.490e-01 3.531e-01 1.088e-01 8.285e-01 4.050e-02 5.140e-01 2.340e-01
 4.118e-01 1.119e-01 5.997e-01 7.000e-04 3.899e-01 3.370e-02 6.350e-02
 3.314e-01 3.184e-01 2.507e-01 4.797e-01 7.581e-01 2.370e-01 7.045e-01
 5.964e-01 9.000e-04 6.860e-02 2.559e-01 3.120e-02 5.343e-01 0.000e+00
 7.954e-01 9.869e-01 8.130e-02 2.006e-01 6.500e-03 1.492e-01 2.880e-01
 1.353e-01 2.522e-01 5.320e-01 9.760e-01 8.200e-03 2.105e-01 9.720e-02
 4.386e-01 6.540e-02 7.181e-01 6.924e-01 6.580e-02]",0.8037,0.0,MATH~PV1READ+PV2READ+PV4READ+PV5READ+PV6READ+PV1SCIE+PV2SCIE+PV5SCIE+PV6SCIE+PV9SCIE+PV2SCEP+PV5SCEP+PV6SCEP+PV8SCEP+PV9SCEP+PV10SCEP+PV1SCED+PV3SCED+PV4SCED+PV5SCED+PV6SCED+PV7SCED+PV8SCED+PV9SCED+PV4SCID+PV6SCID+PV7SCID+PV8SCID+PV3SKCO+PV4SKCO+PV5SKCO+PV7SKCO+PV1SKPE+PV3SKPE+PV6SKPE+PV8SKPE+PV1SSPH+PV3SSPH+PV4SSPH+PV5SSPH+PV8SSPH+PV9SSPH+PV10SSPH+PV1SSLI+PV2SSLI+PV3SSLI+PV7SSLI+PV8SSLI+PV1SSES+PV2SSES+PV4SSES+PV6SSES+PV7SSES
48,False,True,False,False,True,[],[],"[0.000e+00 1.307e-01 9.196e-01 9.562e-01 5.163e-01 0.000e+00 2.189e-01
 7.152e-01 1.224e-01 7.509e-01 4.960e-02 5.357e-01 2.640e-01 4.132e-01
 1.428e-01 5.940e-01 9.000e-04 3.897e-01 3.610e-02 6.920e-02 3.741e-01
 2.552e-01 2.964e-01 4.297e-01 7.525e-01 2.152e-01 7.275e-01 5.148e-01
 9.000e-04 6.240e-02 2.330e-01 3.360e-02 5.289e-01 0.000e+00 7.375e-01
 9.804e-01 9.470e-02 2.388e-01 7.700e-03 1.784e-01 3.056e-01 1.289e-01
 2.239e-01 4.148e-01 9.634e-01 8.700e-03 2.448e-01 1.034e-01 4.619e-01
 9.250e-02 7.854e-01 6.547e-01 8.560e-02]",0.8032,0.0,MATH~PV1READ+PV2READ+PV4READ+PV6READ+PV1SCIE+PV2SCIE+PV5SCIE+PV6SCIE+PV9SCIE+PV2SCEP+PV5SCEP+PV6SCEP+PV8SCEP+PV9SCEP+PV10SCEP+PV1SCED+PV3SCED+PV4SCED+PV5SCED+PV6SCED+PV7SCED+PV8SCED+PV9SCED+PV4SCID+PV6SCID+PV7SCID+PV8SCID+PV3SKCO+PV4SKCO+PV5SKCO+PV7SKCO+PV1SKPE+PV3SKPE+PV6SKPE+PV8SKPE+PV1SSPH+PV3SSPH+PV4SSPH+PV5SSPH+PV8SSPH+PV9SSPH+PV10SSPH+PV1SSLI+PV2SSLI+PV3SSLI+PV7SSLI+PV8SSLI+PV1SSES+PV2SSES+PV4SSES+PV6SSES+PV7SSES
49,False,True,False,False,True,[],[],"[0.000e+00 1.573e-01 9.072e-01 9.293e-01 5.432e-01 0.000e+00 2.321e-01
 7.472e-01 1.157e-01 7.223e-01 6.640e-02 4.075e-01 2.799e-01 5.158e-01
 1.200e-01 5.442e-01 6.000e-04 3.808e-01 3.720e-02 6.340e-02 3.848e-01
 2.340e-01 2.097e-01 5.121e-01 6.827e-01 2.068e-01 6.687e-01 4.302e-01
 1.100e-03 6.560e-02 1.805e-01 3.210e-02 5.016e-01 0.000e+00 6.593e-01
 8.503e-01 9.900e-02 2.302e-01 6.800e-03 1.901e-01 2.796e-01 1.117e-01
 2.486e-01 4.453e-01 4.373e-01 8.600e-03 3.493e-01 8.030e-02 4.225e-01
 7.425e-01 6.326e-01 1.375e-01]",0.8026,0.0,MATH~PV1READ+PV2READ+PV4READ+PV6READ+PV1SCIE+PV2SCIE+PV5SCIE+PV6SCIE+PV9SCIE+PV2SCEP+PV5SCEP+PV6SCEP+PV8SCEP+PV9SCEP+PV10SCEP+PV1SCED+PV3SCED+PV4SCED+PV5SCED+PV6SCED+PV7SCED+PV8SCED+PV9SCED+PV4SCID+PV6SCID+PV7SCID+PV8SCID+PV3SKCO+PV4SKCO+PV5SKCO+PV7SKCO+PV1SKPE+PV3SKPE+PV6SKPE+PV8SKPE+PV1SSPH+PV3SSPH+PV4SSPH+PV5SSPH+PV8SSPH+PV9SSPH+PV10SSPH+PV1SSLI+PV2SSLI+PV3SSLI+PV7SSLI+PV8SSLI+PV1SSES+PV4SSES+PV6SSES+PV7SSES
50,False,True,False,False,True,[],[],"[0.     0.1379 0.9181 0.977  0.4797 0.     0.229  0.7304 0.094  0.7093
 0.0539 0.5864 0.2213 0.6453 0.1215 0.5953 0.001  0.374  0.0345 0.1221
 0.3465 0.2039 0.2653 0.5284 0.8201 0.1828 0.6092 0.3598 0.0017 0.2529
 0.06   0.554  0.     0.8449 0.8605 0.0655 0.2434 0.0061 0.2185 0.3174
 0.1089 0.251  0.3972 0.5083 0.0105 0.4555 0.0904 0.3935 0.7357 0.6388
 0.1468]",0.8017,0.0,MATH~PV1READ+PV2READ+PV4READ+PV6READ+PV1SCIE+PV2SCIE+PV5SCIE+PV6SCIE+PV9SCIE+PV2SCEP+PV5SCEP+PV6SCEP+PV8SCEP+PV9SCEP+PV10SCEP+PV1SCED+PV3SCED+PV4SCED+PV5SCED+PV6SCED+PV7SCED+PV8SCED+PV9SCED+PV4SCID+PV6SCID+PV7SCID+PV8SCID+PV3SKCO+PV5SKCO+PV7SKCO+PV1SKPE+PV3SKPE+PV6SKPE+PV8SKPE+PV1SSPH+PV3SSPH+PV4SSPH+PV5SSPH+PV8SSPH+PV9SSPH+PV10SSPH+PV1SSLI+PV2SSLI+PV3SSLI+PV7SSLI+PV8SSLI+PV1SSES+PV4SSES+PV6SSES+PV7SSES
51,False,True,False,False,True,[],[],"[0.000e+00 1.752e-01 8.511e-01 9.543e-01 4.623e-01 0.000e+00 2.472e-01
 7.790e-01 8.090e-02 6.530e-01 4.730e-02 7.504e-01 7.188e-01 1.083e-01
 6.633e-01 9.000e-04 3.814e-01 2.570e-02 1.550e-01 5.206e-01 1.945e-01
 2.172e-01 5.380e-01 8.223e-01 3.214e-01 5.928e-01 3.462e-01 2.400e-03
 2.789e-01 8.090e-02 5.370e-01 0.000e+00 8.362e-01 9.202e-01 6.960e-02
 2.502e-01 6.800e-03 2.287e-01 3.414e-01 1.070e-01 2.780e-01 3.716e-01
 5.838e-01 1.160e-02 4.512e-01 9.660e-02 4.254e-01 7.666e-01 5.808e-01
 1.533e-01]",0.8015,0.0,MATH~PV1READ+PV2READ+PV4READ+PV6READ+PV1SCIE+PV2SCIE+PV5SCIE+PV6SCIE+PV9SCIE+PV2SCEP+PV5SCEP+PV8SCEP+PV9SCEP+PV10SCEP+PV1SCED+PV3SCED+PV4SCED+PV5SCED+PV6SCED+PV7SCED+PV8SCED+PV9SCED+PV4SCID+PV6SCID+PV7SCID+PV8SCID+PV3SKCO+PV5SKCO+PV7SKCO+PV1SKPE+PV3SKPE+PV6SKPE+PV8SKPE+PV1SSPH+PV3SSPH+PV4SSPH+PV5SSPH+PV8SSPH+PV9SSPH+PV10SSPH+PV1SSLI+PV2SSLI+PV3SSLI+PV7SSLI+PV8SSLI+PV1SSES+PV4SSES+PV6SSES+PV7SSES
52,False,True,False,False,True,[],[],"[0.000e+00 1.788e-01 8.405e-01 9.496e-01 4.730e-01 0.000e+00 2.419e-01
 7.672e-01 8.630e-02 6.694e-01 4.970e-02 7.169e-01 1.166e-01 6.579e-01
 9.000e-04 3.675e-01 2.510e-02 1.520e-01 5.279e-01 1.790e-01 1.682e-01
 5.100e-01 8.460e-01 3.195e-01 5.832e-01 2.295e-01 2.200e-03 2.664e-01
 8.020e-02 5.253e-01 0.000e+00 8.411e-01 9.346e-01 7.390e-02 2.566e-01
 7.100e-03 2.262e-01 3.438e-01 1.039e-01 2.654e-01 3.693e-01 5.739e-01
 1.170e-02 4.590e-01 9.760e-02 4.421e-01 7.562e-01 5.606e-01 1.535e-01]",0.8018,0.0,MATH~PV1READ+PV2READ+PV4READ+PV6READ+PV1SCIE+PV2SCIE+PV5SCIE+PV6SCIE+PV9SCIE+PV2SCEP+PV5SCEP+PV9SCEP+PV10SCEP+PV1SCED+PV3SCED+PV4SCED+PV5SCED+PV6SCED+PV7SCED+PV8SCED+PV9SCED+PV4SCID+PV6SCID+PV7SCID+PV8SCID+PV3SKCO+PV5SKCO+PV7SKCO+PV1SKPE+PV3SKPE+PV6SKPE+PV8SKPE+PV1SSPH+PV3SSPH+PV4SSPH+PV5SSPH+PV8SSPH+PV9SSPH+PV10SSPH+PV1SSLI+PV2SSLI+PV3SSLI+PV7SSLI+PV8SSLI+PV1SSES+PV4SSES+PV6SSES+PV7SSES
53,False,True,False,False,True,[],[],"[0.000e+00 1.337e-01 7.735e-01 9.768e-01 4.944e-01 0.000e+00 2.326e-01
 7.033e-01 8.920e-02 7.100e-01 5.240e-02 6.603e-01 1.254e-01 6.146e-01
 8.000e-04 3.404e-01 2.800e-02 1.567e-01 5.545e-01 1.971e-01 1.503e-01
 4.611e-01 8.147e-01 3.145e-01 5.908e-01 2.174e-01 1.800e-03 6.270e-02
 4.791e-01 0.000e+00 8.686e-01 9.185e-01 8.830e-02 2.450e-01 9.600e-03
 2.161e-01 3.693e-01 1.247e-01 2.400e-01 3.365e-01 5.271e-01 1.100e-02
 4.496e-01 1.190e-01 4.642e-01 7.837e-01 5.304e-01 1.653e-01]",0.8017,0.0,MATH~PV1READ+PV2READ+PV4READ+PV6READ+PV1SCIE+PV2SCIE+PV5SCIE+PV6SCIE+PV9SCIE+PV2SCEP+PV5SCEP+PV9SCEP+PV10SCEP+PV1SCED+PV3SCED+PV4SCED+PV5SCED+PV6SCED+PV7SCED+PV8SCED+PV9SCED+PV4SCID+PV6SCID+PV7SCID+PV8SCID+PV3SKCO+PV7SKCO+PV1SKPE+PV3SKPE+PV6SKPE+PV8SKPE+PV1SSPH+PV3SSPH+PV4SSPH+PV5SSPH+PV8SSPH+PV9SSPH+PV10SSPH+PV1SSLI+PV2SSLI+PV3SSLI+PV7SSLI+PV8SSLI+PV1SSES+PV4SSES+PV6SSES+PV7SSES
54,False,True,False,False,True,[],[],"[0.000e+00 1.377e-01 7.771e-01 9.476e-01 5.033e-01 0.000e+00 2.476e-01
 6.576e-01 9.140e-02 7.674e-01 5.150e-02 6.063e-01 1.349e-01 5.993e-01
 8.000e-04 3.248e-01 2.320e-02 1.461e-01 5.642e-01 2.138e-01 1.615e-01
 4.672e-01 8.026e-01 3.016e-01 6.030e-01 2.050e-01 1.600e-03 6.280e-02
 4.847e-01 0.000e+00 8.620e-01 8.621e-01 7.900e-02 2.321e-01 8.700e-03
 2.072e-01 3.577e-01 1.317e-01 2.403e-01 3.580e-01 5.314e-01 1.060e-02
 4.726e-01 1.271e-01 4.124e-01 7.656e-01 1.778e-01]",0.802,0.0,MATH~PV1READ+PV2READ+PV4READ+PV6READ+PV1SCIE+PV2SCIE+PV5SCIE+PV6SCIE+PV9SCIE+PV2SCEP+PV5SCEP+PV9SCEP+PV10SCEP+PV1SCED+PV3SCED+PV4SCED+PV5SCED+PV6SCED+PV7SCED+PV8SCED+PV9SCED+PV4SCID+PV6SCID+PV7SCID+PV8SCID+PV3SKCO+PV7SKCO+PV1SKPE+PV3SKPE+PV6SKPE+PV8SKPE+PV1SSPH+PV3SSPH+PV4SSPH+PV5SSPH+PV8SSPH+PV9SSPH+PV10SSPH+PV1SSLI+PV2SSLI+PV3SSLI+PV7SSLI+PV8SSLI+PV1SSES+PV4SSES+PV7SSES
55,False,True,False,False,True,[],[],"[0.000e+00 1.206e-01 8.774e-01 9.148e-01 5.339e-01 0.000e+00 2.527e-01
 7.125e-01 1.078e-01 7.439e-01 4.490e-02 6.137e-01 1.141e-01 5.955e-01
 6.000e-04 3.582e-01 2.420e-02 1.666e-01 6.122e-01 1.661e-01 1.562e-01
 5.487e-01 7.962e-01 2.965e-01 6.026e-01 2.397e-01 2.500e-03 7.360e-02
 4.033e-01 0.000e+00 9.210e-01 9.013e-01 8.290e-02 2.030e-01 7.700e-03
 2.323e-01 3.161e-01 1.432e-01 2.134e-01 2.648e-01 4.631e-01 9.500e-03
 8.437e-01 1.192e-01 5.693e-01 8.254e-01]",0.8017,0.0,MATH~PV1READ+PV2READ+PV4READ+PV6READ+PV1SCIE+PV2SCIE+PV5SCIE+PV6SCIE+PV9SCIE+PV2SCEP+PV5SCEP+PV9SCEP+PV10SCEP+PV1SCED+PV3SCED+PV4SCED+PV5SCED+PV6SCED+PV7SCED+PV8SCED+PV9SCED+PV4SCID+PV6SCID+PV7SCID+PV8SCID+PV3SKCO+PV7SKCO+PV1SKPE+PV3SKPE+PV6SKPE+PV8SKPE+PV1SSPH+PV3SSPH+PV4SSPH+PV5SSPH+PV8SSPH+PV9SSPH+PV10SSPH+PV1SSLI+PV2SSLI+PV3SSLI+PV7SSLI+PV8SSLI+PV1SSES+PV4SSES
56,False,True,False,False,True,[],[],"[0.000e+00 1.217e-01 8.713e-01 9.232e-01 5.378e-01 0.000e+00 2.516e-01
 6.869e-01 1.058e-01 7.210e-01 4.870e-02 5.953e-01 1.091e-01 6.283e-01
 7.000e-04 3.244e-01 2.320e-02 1.621e-01 6.343e-01 1.577e-01 1.614e-01
 5.659e-01 7.661e-01 3.001e-01 5.840e-01 2.356e-01 2.200e-03 7.600e-02
 3.907e-01 0.000e+00 9.094e-01 8.831e-01 1.011e-01 2.155e-01 5.800e-03
 2.440e-01 3.108e-01 1.411e-01 2.239e-01 1.644e-01 4.627e-01 1.070e-02
 8.360e-01 1.150e-01 7.435e-01]",0.8019,0.0,MATH~PV1READ+PV2READ+PV4READ+PV6READ+PV1SCIE+PV2SCIE+PV5SCIE+PV6SCIE+PV9SCIE+PV2SCEP+PV5SCEP+PV9SCEP+PV10SCEP+PV1SCED+PV3SCED+PV4SCED+PV5SCED+PV6SCED+PV7SCED+PV8SCED+PV9SCED+PV4SCID+PV6SCID+PV7SCID+PV8SCID+PV3SKCO+PV7SKCO+PV1SKPE+PV3SKPE+PV6SKPE+PV8SKPE+PV1SSPH+PV3SSPH+PV4SSPH+PV5SSPH+PV8SSPH+PV9SSPH+PV10SSPH+PV1SSLI+PV2SSLI+PV3SSLI+PV7SSLI+PV8SSLI+PV4SSES
57,False,True,False,False,True,[],[],"[0.000e+00 1.345e-01 9.064e-01 8.419e-01 5.377e-01 0.000e+00 3.653e-01
 6.611e-01 1.259e-01 7.563e-01 6.760e-02 4.791e-01 1.755e-01 5.596e-01
 7.000e-04 3.676e-01 1.690e-02 1.367e-01 5.963e-01 1.461e-01 1.357e-01
 5.323e-01 7.549e-01 3.856e-01 5.307e-01 2.360e-01 1.200e-03 3.903e-01
 0.000e+00 8.895e-01 8.767e-01 1.136e-01 2.218e-01 8.000e-03 2.523e-01
 2.946e-01 1.483e-01 2.135e-01 1.659e-01 4.811e-01 1.400e-02 6.770e-01
 1.181e-01 7.635e-01]",0.8011,0.0,MATH~PV1READ+PV2READ+PV4READ+PV6READ+PV1SCIE+PV2SCIE+PV5SCIE+PV6SCIE+PV9SCIE+PV2SCEP+PV5SCEP+PV9SCEP+PV10SCEP+PV1SCED+PV3SCED+PV4SCED+PV5SCED+PV6SCED+PV7SCED+PV8SCED+PV9SCED+PV4SCID+PV6SCID+PV7SCID+PV8SCID+PV3SKCO+PV1SKPE+PV3SKPE+PV6SKPE+PV8SKPE+PV1SSPH+PV3SSPH+PV4SSPH+PV5SSPH+PV8SSPH+PV9SSPH+PV10SSPH+PV1SSLI+PV2SSLI+PV3SSLI+PV7SSLI+PV8SSLI+PV4SSES
58,False,True,False,False,True,[],[],"[0.000e+00 1.710e-01 9.159e-01 8.290e-01 5.159e-01 0.000e+00 3.366e-01
 6.968e-01 1.161e-01 6.862e-01 6.430e-02 4.698e-01 2.001e-01 6.181e-01
 4.000e-04 3.305e-01 1.590e-02 1.348e-01 5.423e-01 1.309e-01 1.475e-01
 5.463e-01 6.619e-01 4.260e-01 5.565e-01 2.328e-01 1.100e-03 4.396e-01
 0.000e+00 8.755e-01 9.409e-01 9.090e-02 4.900e-03 2.712e-01 3.345e-01
 1.173e-01 2.041e-01 1.564e-01 4.383e-01 3.250e-02 6.346e-01 1.315e-01
 7.918e-01]",0.801,0.0,MATH~PV1READ+PV2READ+PV4READ+PV6READ+PV1SCIE+PV2SCIE+PV5SCIE+PV6SCIE+PV9SCIE+PV2SCEP+PV5SCEP+PV9SCEP+PV10SCEP+PV1SCED+PV3SCED+PV4SCED+PV5SCED+PV6SCED+PV7SCED+PV8SCED+PV9SCED+PV4SCID+PV6SCID+PV7SCID+PV8SCID+PV3SKCO+PV1SKPE+PV3SKPE+PV6SKPE+PV8SKPE+PV1SSPH+PV4SSPH+PV5SSPH+PV8SSPH+PV9SSPH+PV10SSPH+PV1SSLI+PV2SSLI+PV3SSLI+PV7SSLI+PV8SSLI+PV4SSES
59,False,True,False,False,True,[],[],"[0.000e+00 1.815e-01 9.953e-01 8.303e-01 5.179e-01 0.000e+00 4.052e-01
 7.366e-01 9.730e-02 7.018e-01 8.460e-02 9.872e-01 3.273e-01 5.872e-01
 3.000e-04 2.211e-01 2.020e-02 5.841e-01 9.370e-02 2.197e-01 3.898e-01
 5.644e-01 4.418e-01 4.509e-01 1.893e-01 1.200e-03 4.108e-01 0.000e+00
 7.662e-01 9.544e-01 7.160e-02 7.600e-03 2.982e-01 3.618e-01 1.136e-01
 1.853e-01 1.240e-01 5.090e-01 3.690e-02 5.969e-01 1.360e-01 8.579e-01]",0.8005,0.0,MATH~PV1READ+PV2READ+PV4READ+PV6READ+PV1SCIE+PV2SCIE+PV5SCIE+PV6SCIE+PV9SCIE+PV2SCEP+PV5SCEP+PV9SCEP+PV10SCEP+PV1SCED+PV3SCED+PV4SCED+PV6SCED+PV7SCED+PV8SCED+PV9SCED+PV4SCID+PV6SCID+PV7SCID+PV8SCID+PV3SKCO+PV1SKPE+PV3SKPE+PV6SKPE+PV8SKPE+PV1SSPH+PV4SSPH+PV5SSPH+PV8SSPH+PV9SSPH+PV10SSPH+PV1SSLI+PV2SSLI+PV3SSLI+PV7SSLI+PV8SSLI+PV4SSES
60,False,True,False,False,True,[],[],"[0.000e+00 1.830e-01 9.916e-01 8.380e-01 5.051e-01 0.000e+00 4.292e-01
 7.573e-01 9.690e-02 6.769e-01 8.400e-02 9.711e-01 3.222e-01 5.761e-01
 3.000e-04 2.350e-01 1.610e-02 1.008e-01 2.168e-01 3.940e-01 5.981e-01
 2.397e-01 4.834e-01 2.030e-01 1.300e-03 4.166e-01 0.000e+00 8.162e-01
 9.430e-01 7.300e-02 7.600e-03 2.873e-01 3.477e-01 1.126e-01 1.915e-01
 1.175e-01 5.139e-01 3.360e-02 6.053e-01 1.411e-01 8.425e-01]",0.8008,0.0,MATH~PV1READ+PV2READ+PV4READ+PV6READ+PV1SCIE+PV2SCIE+PV5SCIE+PV6SCIE+PV9SCIE+PV2SCEP+PV5SCEP+PV9SCEP+PV10SCEP+PV1SCED+PV3SCED+PV4SCED+PV7SCED+PV8SCED+PV9SCED+PV4SCID+PV6SCID+PV7SCID+PV8SCID+PV3SKCO+PV1SKPE+PV3SKPE+PV6SKPE+PV8SKPE+PV1SSPH+PV4SSPH+PV5SSPH+PV8SSPH+PV9SSPH+PV10SSPH+PV1SSLI+PV2SSLI+PV3SSLI+PV7SSLI+PV8SSLI+PV4SSES
61,False,True,False,False,True,[],[],"[0.000e+00 1.830e-01 9.921e-01 8.389e-01 5.038e-01 0.000e+00 4.275e-01
 7.574e-01 9.670e-02 6.787e-01 8.350e-02 9.762e-01 3.199e-01 5.775e-01
 3.000e-04 2.351e-01 1.590e-02 1.007e-01 2.138e-01 3.952e-01 5.954e-01
 2.348e-01 4.816e-01 2.032e-01 1.300e-03 4.167e-01 0.000e+00 8.190e-01
 7.300e-02 7.500e-03 2.876e-01 3.480e-01 1.123e-01 1.914e-01 1.167e-01
 5.159e-01 3.320e-02 6.043e-01 1.405e-01 8.348e-01]",0.8011,0.0,MATH~PV1READ+PV2READ+PV4READ+PV6READ+PV1SCIE+PV2SCIE+PV5SCIE+PV6SCIE+PV9SCIE+PV2SCEP+PV5SCEP+PV9SCEP+PV10SCEP+PV1SCED+PV3SCED+PV4SCED+PV7SCED+PV8SCED+PV9SCED+PV4SCID+PV6SCID+PV7SCID+PV8SCID+PV3SKCO+PV1SKPE+PV3SKPE+PV6SKPE+PV1SSPH+PV4SSPH+PV5SSPH+PV8SSPH+PV9SSPH+PV10SSPH+PV1SSLI+PV2SSLI+PV3SSLI+PV7SSLI+PV8SSLI+PV4SSES
62,False,True,False,False,True,[],[],"[0.000e+00 2.181e-01 9.264e-01 7.069e-01 0.000e+00 4.116e-01 7.164e-01
 1.270e-01 6.922e-01 9.120e-02 9.697e-01 3.206e-01 5.576e-01 4.000e-04
 2.368e-01 1.810e-02 1.047e-01 1.985e-01 4.251e-01 5.449e-01 2.412e-01
 4.770e-01 2.095e-01 1.500e-03 4.306e-01 0.000e+00 8.081e-01 6.400e-02
 7.900e-03 2.930e-01 3.581e-01 1.222e-01 1.842e-01 1.092e-01 5.469e-01
 3.340e-02 6.033e-01 1.377e-01 8.460e-01]",0.8013,0.0,MATH~PV1READ+PV2READ+PV4READ+PV1SCIE+PV2SCIE+PV5SCIE+PV6SCIE+PV9SCIE+PV2SCEP+PV5SCEP+PV9SCEP+PV10SCEP+PV1SCED+PV3SCED+PV4SCED+PV7SCED+PV8SCED+PV9SCED+PV4SCID+PV6SCID+PV7SCID+PV8SCID+PV3SKCO+PV1SKPE+PV3SKPE+PV6SKPE+PV1SSPH+PV4SSPH+PV5SSPH+PV8SSPH+PV9SSPH+PV10SSPH+PV1SSLI+PV2SSLI+PV3SSLI+PV7SSLI+PV8SSLI+PV4SSES
63,False,True,False,False,True,[],[],"[0.000e+00 2.675e-01 9.337e-01 8.069e-01 0.000e+00 4.611e-01 6.927e-01
 1.445e-01 6.923e-01 8.980e-02 8.676e-01 2.779e-01 5.760e-01 3.000e-04
 2.274e-01 2.020e-02 1.412e-01 1.794e-01 5.128e-01 4.886e-01 2.229e-01
 4.934e-01 2.265e-01 1.300e-03 4.287e-01 0.000e+00 9.769e-01 1.991e-01
 5.800e-03 3.543e-01 3.897e-01 9.040e-02 1.897e-01 4.372e-01 1.840e-02
 5.438e-01 1.551e-01 8.870e-01]",0.8008,0.0,MATH~PV1READ+PV2READ+PV4READ+PV1SCIE+PV2SCIE+PV5SCIE+PV6SCIE+PV9SCIE+PV2SCEP+PV5SCEP+PV9SCEP+PV10SCEP+PV1SCED+PV3SCED+PV4SCED+PV7SCED+PV8SCED+PV9SCED+PV4SCID+PV6SCID+PV7SCID+PV8SCID+PV3SKCO+PV1SKPE+PV3SKPE+PV6SKPE+PV1SSPH+PV4SSPH+PV5SSPH+PV8SSPH+PV9SSPH+PV10SSPH+PV2SSLI+PV3SSLI+PV7SSLI+PV8SSLI+PV4SSES
64,False,True,False,False,True,[],[],"[0.000e+00 2.485e-01 8.774e-01 8.525e-01 0.000e+00 4.158e-01 6.605e-01
 1.466e-01 6.929e-01 8.890e-02 8.451e-01 3.159e-01 5.512e-01 4.000e-04
 2.440e-01 2.250e-02 1.442e-01 1.783e-01 4.967e-01 4.570e-01 2.347e-01
 4.392e-01 2.514e-01 1.200e-03 4.039e-01 0.000e+00 9.883e-01 2.034e-01
 7.700e-03 3.193e-01 1.173e-01 2.073e-01 4.358e-01 2.240e-02 5.696e-01
 2.542e-01 9.289e-01]",0.8009,0.0,MATH~PV1READ+PV2READ+PV4READ+PV1SCIE+PV2SCIE+PV5SCIE+PV6SCIE+PV9SCIE+PV2SCEP+PV5SCEP+PV9SCEP+PV10SCEP+PV1SCED+PV3SCED+PV4SCED+PV7SCED+PV8SCED+PV9SCED+PV4SCID+PV6SCID+PV7SCID+PV8SCID+PV3SKCO+PV1SKPE+PV3SKPE+PV6SKPE+PV1SSPH+PV4SSPH+PV5SSPH+PV9SSPH+PV10SSPH+PV2SSLI+PV3SSLI+PV7SSLI+PV8SSLI+PV4SSES
65,False,True,False,False,True,[],[],"[0.000e+00 8.725e-01 8.556e-01 0.000e+00 4.860e-01 7.646e-01 1.439e-01
 7.342e-01 9.630e-02 8.741e-01 3.516e-01 5.637e-01 3.000e-04 2.323e-01
 2.450e-02 1.370e-01 1.617e-01 4.993e-01 4.861e-01 2.614e-01 4.107e-01
 2.558e-01 1.500e-03 3.485e-01 0.000e+00 9.771e-01 2.142e-01 9.100e-03
 2.941e-01 1.195e-01 2.314e-01 4.381e-01 2.150e-02 5.620e-01 2.330e-01
 9.705e-01]",0.8007,0.0,MATH~PV2READ+PV4READ+PV1SCIE+PV2SCIE+PV5SCIE+PV6SCIE+PV9SCIE+PV2SCEP+PV5SCEP+PV9SCEP+PV10SCEP+PV1SCED+PV3SCED+PV4SCED+PV7SCED+PV8SCED+PV9SCED+PV4SCID+PV6SCID+PV7SCID+PV8SCID+PV3SKCO+PV1SKPE+PV3SKPE+PV6SKPE+PV1SSPH+PV4SSPH+PV5SSPH+PV9SSPH+PV10SSPH+PV2SSLI+PV3SSLI+PV7SSLI+PV8SSLI+PV4SSES
66,False,True,False,False,True,[],[],"[0.000e+00 8.180e-01 0.000e+00 4.886e-01 7.551e-01 1.425e-01 7.259e-01
 9.510e-02 8.735e-01 3.532e-01 5.563e-01 2.000e-04 2.280e-01 2.460e-02
 1.373e-01 1.601e-01 4.901e-01 4.878e-01 2.613e-01 4.163e-01 2.596e-01
 1.500e-03 3.514e-01 0.000e+00 9.766e-01 2.097e-01 9.100e-03 2.895e-01
 1.183e-01 2.294e-01 4.365e-01 2.180e-02 5.661e-01 2.313e-01 9.685e-01]",0.8011,0.0,MATH~PV2READ+PV1SCIE+PV2SCIE+PV5SCIE+PV6SCIE+PV9SCIE+PV2SCEP+PV5SCEP+PV9SCEP+PV10SCEP+PV1SCED+PV3SCED+PV4SCED+PV7SCED+PV8SCED+PV9SCED+PV4SCID+PV6SCID+PV7SCID+PV8SCID+PV3SKCO+PV1SKPE+PV3SKPE+PV6SKPE+PV1SSPH+PV4SSPH+PV5SSPH+PV9SSPH+PV10SSPH+PV2SSLI+PV3SSLI+PV7SSLI+PV8SSLI+PV4SSES
67,False,True,False,False,True,[],[],"[0.000e+00 0.000e+00 4.140e-01 7.514e-01 1.443e-01 7.136e-01 9.490e-02
 8.593e-01 3.536e-01 5.625e-01 2.000e-04 2.240e-01 2.530e-02 1.368e-01
 1.630e-01 4.818e-01 4.819e-01 2.664e-01 4.194e-01 2.568e-01 1.400e-03
 3.522e-01 0.000e+00 9.821e-01 2.106e-01 9.000e-03 2.828e-01 1.194e-01
 2.266e-01 4.348e-01 2.170e-02 5.741e-01 2.352e-01 9.660e-01]",0.8014,0.0,MATH~PV1SCIE+PV2SCIE+PV5SCIE+PV6SCIE+PV9SCIE+PV2SCEP+PV5SCEP+PV9SCEP+PV10SCEP+PV1SCED+PV3SCED+PV4SCED+PV7SCED+PV8SCED+PV9SCED+PV4SCID+PV6SCID+PV7SCID+PV8SCID+PV3SKCO+PV1SKPE+PV3SKPE+PV6SKPE+PV1SSPH+PV4SSPH+PV5SSPH+PV9SSPH+PV10SSPH+PV2SSLI+PV3SSLI+PV7SSLI+PV8SSLI+PV4SSES
68,False,True,False,False,True,[],[],"[0.000e+00 0.000e+00 3.603e-01 7.787e-01 1.350e-01 6.993e-01 8.310e-02
 8.800e-01 3.319e-01 5.474e-01 2.000e-04 1.977e-01 3.040e-02 1.226e-01
 1.605e-01 4.538e-01 4.941e-01 2.608e-01 4.145e-01 2.822e-01 1.400e-03
 3.623e-01 0.000e+00 9.107e-01 2.067e-01 8.400e-03 2.500e-01 1.139e-01
 2.127e-01 5.369e-01 2.800e-02 5.815e-01 9.240e-01]",0.8013,0.0,MATH~PV1SCIE+PV2SCIE+PV5SCIE+PV6SCIE+PV9SCIE+PV2SCEP+PV5SCEP+PV9SCEP+PV10SCEP+PV1SCED+PV3SCED+PV4SCED+PV7SCED+PV8SCED+PV9SCED+PV4SCID+PV6SCID+PV7SCID+PV8SCID+PV3SKCO+PV1SKPE+PV3SKPE+PV6SKPE+PV1SSPH+PV4SSPH+PV5SSPH+PV9SSPH+PV10SSPH+PV2SSLI+PV3SSLI+PV7SSLI+PV4SSES
69,False,True,False,False,True,[],[],"[0.000e+00 0.000e+00 3.595e-01 7.828e-01 1.330e-01 6.991e-01 8.210e-02
 8.828e-01 3.347e-01 5.446e-01 1.000e-04 1.942e-01 3.050e-02 1.227e-01
 1.607e-01 4.500e-01 4.947e-01 2.626e-01 4.181e-01 2.814e-01 1.400e-03
 3.604e-01 0.000e+00 2.049e-01 8.300e-03 2.512e-01 1.124e-01 2.118e-01
 5.401e-01 2.790e-02 5.883e-01 9.260e-01]",0.8016,0.0,MATH~PV1SCIE+PV2SCIE+PV5SCIE+PV6SCIE+PV9SCIE+PV2SCEP+PV5SCEP+PV9SCEP+PV10SCEP+PV1SCED+PV3SCED+PV4SCED+PV7SCED+PV8SCED+PV9SCED+PV4SCID+PV6SCID+PV7SCID+PV8SCID+PV3SKCO+PV1SKPE+PV3SKPE+PV1SSPH+PV4SSPH+PV5SSPH+PV9SSPH+PV10SSPH+PV2SSLI+PV3SSLI+PV7SSLI+PV4SSES
70,False,True,False,False,True,[],[],"[0.000e+00 0.000e+00 3.783e-01 7.844e-01 1.410e-01 7.345e-01 7.740e-02
 8.546e-01 3.500e-01 5.115e-01 2.000e-04 2.006e-01 2.880e-02 1.234e-01
 1.569e-01 4.462e-01 4.992e-01 2.458e-01 4.119e-01 2.918e-01 1.500e-03
 3.457e-01 0.000e+00 2.038e-01 7.600e-03 2.487e-01 1.100e-01 2.190e-01
 4.867e-01 2.200e-02 9.205e-01]",0.8019,0.0,MATH~PV1SCIE+PV2SCIE+PV5SCIE+PV6SCIE+PV9SCIE+PV2SCEP+PV5SCEP+PV9SCEP+PV10SCEP+PV1SCED+PV3SCED+PV4SCED+PV7SCED+PV8SCED+PV9SCED+PV4SCID+PV6SCID+PV7SCID+PV8SCID+PV3SKCO+PV1SKPE+PV3SKPE+PV1SSPH+PV4SSPH+PV5SSPH+PV9SSPH+PV10SSPH+PV2SSLI+PV3SSLI+PV4SSES
71,False,True,False,False,True,[],[],"[0.000e+00 0.000e+00 3.875e-01 7.750e-01 1.432e-01 7.376e-01 7.870e-02
 3.550e-01 4.945e-01 1.000e-04 1.985e-01 2.880e-02 1.235e-01 1.560e-01
 4.339e-01 4.876e-01 2.468e-01 4.111e-01 2.936e-01 1.100e-03 3.339e-01
 0.000e+00 1.990e-01 7.700e-03 2.478e-01 1.101e-01 2.197e-01 4.916e-01
 2.130e-02 9.183e-01]",0.8022,0.0,MATH~PV1SCIE+PV2SCIE+PV5SCIE+PV6SCIE+PV9SCIE+PV2SCEP+PV9SCEP+PV10SCEP+PV1SCED+PV3SCED+PV4SCED+PV7SCED+PV8SCED+PV9SCED+PV4SCID+PV6SCID+PV7SCID+PV8SCID+PV3SKCO+PV1SKPE+PV3SKPE+PV1SSPH+PV4SSPH+PV5SSPH+PV9SSPH+PV10SSPH+PV2SSLI+PV3SSLI+PV4SSES
72,False,True,False,False,True,[],[],"[0.000e+00 0.000e+00 3.219e-01 8.370e-01 1.234e-01 6.831e-01 8.600e-02
 3.735e-01 5.263e-01 1.000e-04 3.070e-02 1.019e-01 1.815e-01 4.319e-01
 5.181e-01 2.556e-01 4.157e-01 3.181e-01 7.000e-04 3.701e-01 0.000e+00
 1.926e-01 8.200e-03 3.068e-01 1.176e-01 2.017e-01 4.652e-01 1.780e-02
 9.132e-01]",0.802,0.0,MATH~PV1SCIE+PV2SCIE+PV5SCIE+PV6SCIE+PV9SCIE+PV2SCEP+PV9SCEP+PV10SCEP+PV1SCED+PV4SCED+PV7SCED+PV8SCED+PV9SCED+PV4SCID+PV6SCID+PV7SCID+PV8SCID+PV3SKCO+PV1SKPE+PV3SKPE+PV1SSPH+PV4SSPH+PV5SSPH+PV9SSPH+PV10SSPH+PV2SSLI+PV3SSLI+PV4SSES
73,False,True,False,False,True,[],[],"[0.000e+00 0.000e+00 3.175e-01 8.453e-01 1.218e-01 7.670e-02 3.598e-01
 5.264e-01 1.000e-04 3.020e-02 1.006e-01 1.899e-01 4.205e-01 5.252e-01
 2.579e-01 3.990e-01 3.340e-01 7.000e-04 3.821e-01 0.000e+00 1.822e-01
 7.800e-03 3.223e-01 1.158e-01 1.917e-01 4.808e-01 1.750e-02 9.320e-01]",0.8023,0.0,MATH~PV1SCIE+PV2SCIE+PV5SCIE+PV6SCIE+PV2SCEP+PV9SCEP+PV10SCEP+PV1SCED+PV4SCED+PV7SCED+PV8SCED+PV9SCED+PV4SCID+PV6SCID+PV7SCID+PV8SCID+PV3SKCO+PV1SKPE+PV3SKPE+PV1SSPH+PV4SSPH+PV5SSPH+PV9SSPH+PV10SSPH+PV2SSLI+PV3SSLI+PV4SSES
74,False,True,False,False,True,[],[],"[0.000e+00 0.000e+00 3.318e-01 8.134e-01 1.287e-01 8.110e-02 3.722e-01
 4.845e-01 1.000e-04 2.320e-02 9.090e-02 1.598e-01 4.441e-01 5.243e-01
 2.226e-01 3.455e-01 3.153e-01 9.000e-04 0.000e+00 1.731e-01 7.800e-03
 3.065e-01 1.195e-01 2.151e-01 4.477e-01 1.490e-02 9.522e-01]",0.8023,0.0,MATH~PV1SCIE+PV2SCIE+PV5SCIE+PV6SCIE+PV2SCEP+PV9SCEP+PV10SCEP+PV1SCED+PV4SCED+PV7SCED+PV8SCED+PV9SCED+PV4SCID+PV6SCID+PV7SCID+PV8SCID+PV3SKCO+PV3SKPE+PV1SSPH+PV4SSPH+PV5SSPH+PV9SSPH+PV10SSPH+PV2SSLI+PV3SSLI+PV4SSES
75,False,True,False,False,True,[],[],"[0.000e+00 0.000e+00 3.310e-01 7.118e-01 1.171e-01 6.630e-02 3.567e-01
 4.402e-01 1.000e-04 3.250e-02 1.529e-01 1.690e-01 4.328e-01 4.147e-01
 1.796e-01 2.479e-01 9.000e-04 0.000e+00 1.930e-01 7.500e-03 2.684e-01
 1.211e-01 2.060e-01 4.326e-01 1.370e-02 9.043e-01]",0.8024,0.0,MATH~PV1SCIE+PV2SCIE+PV5SCIE+PV6SCIE+PV2SCEP+PV9SCEP+PV10SCEP+PV1SCED+PV4SCED+PV7SCED+PV8SCED+PV9SCED+PV4SCID+PV6SCID+PV8SCID+PV3SKCO+PV3SKPE+PV1SSPH+PV4SSPH+PV5SSPH+PV9SSPH+PV10SSPH+PV2SSLI+PV3SSLI+PV4SSES
76,False,True,False,False,True,[],[],"[0.000e+00 0.000e+00 3.209e-01 7.556e-01 9.400e-02 2.248e-01 5.864e-01
 1.000e-04 4.810e-02 1.217e-01 1.412e-01 4.868e-01 3.711e-01 2.005e-01
 2.862e-01 1.600e-03 0.000e+00 1.474e-01 7.000e-03 2.766e-01 1.207e-01
 1.851e-01 4.814e-01 1.620e-02 9.566e-01]",0.8016,0.0,MATH~PV1SCIE+PV2SCIE+PV5SCIE+PV6SCIE+PV9SCEP+PV10SCEP+PV1SCED+PV4SCED+PV7SCED+PV8SCED+PV9SCED+PV4SCID+PV6SCID+PV8SCID+PV3SKCO+PV3SKPE+PV1SSPH+PV4SSPH+PV5SSPH+PV9SSPH+PV10SSPH+PV2SSLI+PV3SSLI+PV4SSES
77,False,True,False,False,True,[],[],"[0.     0.     0.3291 0.8714 0.0736 0.1851 0.7091 0.     0.0484 0.079
 0.1344 0.5893 0.3788 0.2307 0.3203 0.0027 0.     0.0056 0.2784 0.0815
 0.1666 0.456  0.0192 0.9291]",0.8012,0.0,MATH~PV1SCIE+PV2SCIE+PV5SCIE+PV6SCIE+PV9SCEP+PV10SCEP+PV1SCED+PV4SCED+PV7SCED+PV8SCED+PV9SCED+PV4SCID+PV6SCID+PV8SCID+PV3SKCO+PV3SKPE+PV4SSPH+PV5SSPH+PV9SSPH+PV10SSPH+PV2SSLI+PV3SSLI+PV4SSES
78,False,True,False,False,True,[],[],"[0.     0.     0.2947 0.9981 0.07   0.1716 0.7823 0.     0.0565 0.0533
 0.1642 0.6011 0.4015 0.2463 0.32   0.0037 0.     0.0045 0.3116 0.0515
 0.454  0.0194 0.8885]",0.8009,0.0,MATH~PV1SCIE+PV2SCIE+PV5SCIE+PV6SCIE+PV9SCEP+PV10SCEP+PV1SCED+PV4SCED+PV7SCED+PV8SCED+PV9SCED+PV4SCID+PV6SCID+PV8SCID+PV3SKCO+PV3SKPE+PV4SSPH+PV5SSPH+PV9SSPH+PV2SSLI+PV3SSLI+PV4SSES
79,False,True,False,False,True,[],[],"[0.     0.     0.2923 0.9999 0.0676 0.0845 0.737  0.     0.063  0.0399
 0.1721 0.4072 0.2541 0.3326 0.0035 0.     0.0034 0.2882 0.0495 0.446
 0.0186 0.8708]",0.8011,0.0,MATH~PV1SCIE+PV2SCIE+PV5SCIE+PV6SCIE+PV9SCEP+PV10SCEP+PV1SCED+PV4SCED+PV7SCED+PV8SCED+PV4SCID+PV6SCID+PV8SCID+PV3SKCO+PV3SKPE+PV4SSPH+PV5SSPH+PV9SSPH+PV2SSLI+PV3SSLI+PV4SSES
80,False,True,False,False,True,[],[],"[0.     0.     0.2932 0.9537 0.0773 0.0908 0.6856 0.     0.0743 0.0348
 0.0635 0.3255 0.174  0.0045 0.     0.0039 0.2795 0.0527 0.3987 0.0173
 0.8084]",0.8011,0.0,MATH~PV1SCIE+PV2SCIE+PV5SCIE+PV6SCIE+PV9SCEP+PV10SCEP+PV1SCED+PV4SCED+PV7SCED+PV8SCED+PV4SCID+PV6SCID+PV3SKCO+PV3SKPE+PV4SSPH+PV5SSPH+PV9SSPH+PV2SSLI+PV3SSLI+PV4SSES
81,False,True,False,False,True,[],[],"[0.     0.     0.3091 0.9282 0.0854 0.1097 0.6239 0.     0.0146 0.0305
 0.0694 0.1608 0.0046 0.     0.0037 0.2544 0.0472 0.3224 0.0161 0.8036]",0.8011,0.0,MATH~PV1SCIE+PV2SCIE+PV5SCIE+PV6SCIE+PV9SCEP+PV10SCEP+PV1SCED+PV4SCED+PV7SCED+PV8SCED+PV6SCID+PV3SKCO+PV3SKPE+PV4SSPH+PV5SSPH+PV9SSPH+PV2SSLI+PV3SSLI+PV4SSES
82,False,True,False,False,True,[],[],"[0.     0.     0.329  0.8898 0.0901 0.1167 0.     0.0145 0.029  0.0716
 0.1616 0.0026 0.     0.004  0.2276 0.0485 0.288  0.0148 0.7855]",0.8014,0.0,MATH~PV1SCIE+PV2SCIE+PV5SCIE+PV6SCIE+PV9SCEP+PV1SCED+PV4SCED+PV7SCED+PV8SCED+PV6SCID+PV3SKCO+PV3SKPE+PV4SSPH+PV5SSPH+PV9SSPH+PV2SSLI+PV3SSLI+PV4SSES
83,False,True,False,False,True,[],[],"[0.     0.     0.3408 0.8815 0.0901 0.1187 0.     0.0122 0.0294 0.0691
 0.1638 0.0023 0.     0.0023 0.2326 0.0481 0.2764 0.0144]",0.8017,0.0,MATH~PV1SCIE+PV2SCIE+PV5SCIE+PV6SCIE+PV9SCEP+PV1SCED+PV4SCED+PV7SCED+PV8SCED+PV6SCID+PV3SKCO+PV3SKPE+PV4SSPH+PV5SSPH+PV9SSPH+PV2SSLI+PV3SSLI
84,False,True,False,False,True,['PV4SCED'],[],"[0.     0.     0.2843 0.9998 0.045  0.     0.0109 0.0295 0.0763 0.181
 0.0052 0.     0.0019 0.2801 0.0271 0.3476 0.0165]",0.8012,0.0,MATH~PV1SCIE+PV2SCIE+PV5SCIE+PV6SCIE+PV1SCED+PV4SCED+PV7SCED+PV8SCED+PV6SCID+PV3SKCO+PV3SKPE+PV4SSPH+PV5SSPH+PV9SSPH+PV2SSLI+PV3SSLI
85,False,True,False,False,True,['PV4SCED'],[],"[0.     0.     0.8982 0.0366 0.     0.0113 0.0299 0.0855 0.232  0.006
 0.     0.0009 0.3101 0.0256 0.4392 0.0215]",0.8012,0.0,MATH~PV1SCIE+PV5SCIE+PV6SCIE+PV1SCED+PV4SCED+PV7SCED+PV8SCED+PV6SCID+PV3SKCO+PV3SKPE+PV4SSPH+PV5SSPH+PV9SSPH+PV2SSLI+PV3SSLI
86,False,True,False,False,True,"['PV4SCED', 'PV2SSLI']",[],"[0.     0.     0.9567 0.0466 0.     0.0098 0.0402 0.0966 0.2219 0.0033
 0.     0.0013 0.0331 0.4147 0.0194]",0.8012,0.0,MATH~PV1SCIE+PV5SCIE+PV6SCIE+PV1SCED+PV4SCED+PV7SCED+PV8SCED+PV6SCID+PV3SKCO+PV3SKPE+PV4SSPH+PV9SSPH+PV2SSLI+PV3SSLI
87,False,True,False,False,True,['PV4SCED'],[],"[0.     0.     0.9517 0.056  0.     0.0095 0.0489 0.1007 0.1872 0.0026
 0.     0.0013 0.034  0.0151]",0.8013,0.0,MATH~PV1SCIE+PV5SCIE+PV6SCIE+PV1SCED+PV4SCED+PV7SCED+PV8SCED+PV6SCID+PV3SKCO+PV3SKPE+PV4SSPH+PV9SSPH+PV3SSLI
88,False,True,False,False,True,['PV4SCED'],[],"[0.     0.     0.8399 0.0689 0.     0.0042 0.0958 0.1858 0.0023 0.
 0.0015 0.0527 0.0131]",0.8007,0.0,MATH~PV1SCIE+PV5SCIE+PV6SCIE+PV1SCED+PV4SCED+PV7SCED+PV6SCID+PV3SKCO+PV3SKPE+PV4SSPH+PV9SSPH+PV3SSLI
89,False,True,False,False,True,['PV4SCED'],[],"[0.000e+00 0.000e+00 8.534e-01 4.030e-02 0.000e+00 6.600e-03 7.850e-02
 2.731e-01 3.900e-03 0.000e+00 4.000e-04 1.390e-02]",0.7998,0.0,MATH~PV1SCIE+PV5SCIE+PV6SCIE+PV1SCED+PV4SCED+PV7SCED+PV6SCID+PV3SKCO+PV3SKPE+PV4SSPH+PV3SSLI
90,False,True,False,False,True,['PV4SCED'],[],"[0.     0.     0.0405 0.     0.006  0.079  0.2563 0.0035 0.     0.0004
 0.0112]",0.8001,0.0,MATH~PV1SCIE+PV6SCIE+PV1SCED+PV4SCED+PV7SCED+PV6SCID+PV3SKCO+PV3SKPE+PV4SSPH+PV3SSLI
91,False,True,False,False,True,"['PV4SCED', 'PV6SCID', 'PV3SKPE']",[],"[0.000e+00 0.000e+00 3.790e-02 0.000e+00 1.460e-02 2.597e-01 3.200e-03
 0.000e+00 2.000e-04 1.980e-02]",0.7994,0.0,MATH~PV1SCIE+PV6SCIE+PV1SCED+PV4SCED+PV6SCID+PV3SKCO+PV3SKPE+PV4SSPH+PV3SSLI
92,False,True,False,False,True,"['PV1SCIE', 'PV6SCIE', 'PV4SCED', 'PV3SKPE']",[],[0.     0.     0.0443 0.     0.0083 0.0028 0.     0.0003 0.0106],0.7993,0.0,MATH~PV1SCIE+PV6SCIE+PV1SCED+PV4SCED+PV3SKCO+PV3SKPE+PV4SSPH+PV3SSLI
